Title,Date
"Monstrum: Příběh Eda Geina: Zelená","10/13/25"
"Monstrum: Příběh Eda Geina: Chůva","10/13/25"
"Monstrum: Příběh Eda Geina: Chorý na těle i na duši","10/13/25"
"Monstrum: Příběh Eda Geina: Matko!","10/13/25"
"Black Clover: Asta and Yuno","10/13/25"
"Monster: CHAPTER 42","10/10/25"
"Kovboj Bebop: Lovec odměn: Asteroid blues","10/10/25"
"Tokyo Ghoul: Pinto","10/10/25"
"Monster: CHAPTER 41","10/10/25"
"Monster: CHAPTER 40","10/10/25"
"Léto, kdy umřel Hikaru: Jeho místo","10/9/25"
"Léto, kdy umřel Hikaru: Hřích rodiny Indoových","10/9/25"
"Léto, kdy umřel Hikaru: Pravda","9/29/25"
"Sakamoto Days: Každého poslání","9/29/25"
"Sakamoto Days: Náročná obtížnost","9/29/25"
"Focus","9/21/25"
"Zaklínač: 1. řada: Začátek konce","9/18/25"
"Monster: CHAPTER 38","9/18/25"
"Monster: CHAPTER 39","9/15/25"
"Monster: CHAPTER 37","9/14/25"
"Monster: CHAPTER 36","9/14/25"
"Sakamoto Days: Společní fandové","9/14/25"
"Monster: CHAPTER 35","9/13/25"
"Monster: CHAPTER 34","9/11/25"
"Monster: CHAPTER 33","9/11/25"
"Zabiják","9/9/25"
"Luther: Pád z nebes","9/9/25"
"My","9/9/25"
"Monster: CHAPTER 32","9/9/25"
"Monster: CHAPTER 30","9/7/25"
"Léto, kdy umřel Hikaru: Starý Takeda","9/7/25"
"Monster: CHAPTER 31","9/6/25"
"Monster: CHAPTER 29","9/6/25"
"Léto, kdy umřel Hikaru: Kontakt","9/6/25"
"Monster: CHAPTER 28","9/4/25"
"Monster: CHAPTER 27","9/4/25"
"Vikingové: 6. řada: Samé změny","9/3/25"
"Vikingové: 6. řada: Král králů","9/3/25"
"Vikingové: 6. řada: Plán takřka bez chyby","9/3/25"
"Vikingové: 6. řada: Opona padá","9/3/25"
"Vikingové: 6. řada: Bůh dal…","9/3/25"
"Vikingové: 6. řada: Pouhá magie","9/3/25"
"Vikingové: 6. řada: Medúzin prám","9/3/25"
"Vikingové: 6. řada: Poslední kapka","9/3/25"
"Vikingové: 6. řada: Moře starostí","9/3/25"
"Léto, kdy umřel Hikaru: Rozhodnutí","9/3/25"
"Sakamoto Days: Zkouška, třetí úroveň","9/1/25"
"Léto, kdy umřel Hikaru: Asako","8/31/25"
"Léto, kdy umřel Hikaru: Parukový duch","8/31/25"
"Léto, kdy umřel Hikaru: Letní festival","8/31/25"
"Léto, kdy umřel Hikaru: Odmítání","8/31/25"
"Léto, kdy umřel Hikaru: Podezření","8/31/25"
"Léto, kdy umřel Hikaru: Náhradník","8/31/25"
"Monster: CHAPTER 26","8/31/25"
"Sakamoto Days: Kanaguri","8/30/25"
"Monster: CHAPTER 25","8/27/25"
"Monster: CHAPTER 24","8/27/25"
"Monster: CHAPTER 23","8/27/25"
"Sněžné bratrstvo","8/25/25"
"Číslo 24","8/24/25"
"Rivalové 2","8/24/25"
"Monster: CHAPTER 22","8/24/25"
"Monster: CHAPTER 21","8/24/25"
"Monster: CHAPTER 20","8/24/25"
"Monster: CHAPTER 19","8/24/25"
"Black Mirror: 7. řada: Obyčejní lidé","8/22/25"
"Sakamoto Days: Hezky se bijte","8/22/25"
"Vikingové: 6. řada: Ztracené duše","8/19/25"
"Vikingové: 6. řada: Znamení","8/19/25"
"Vikingové: 6. řada: Vzkříšení","8/18/25"
"Vikingové: 6. řada: Valhalla počká","8/18/25"
"Vikingové: 6. řada: Ledová panna","8/18/25"
"Vikingové: 6. řada: Smrt a had","8/17/25"
"Vikingové: 6. řada: Klíč","8/17/25"
"Vikingové: 6. řada: Všichni zajatci","8/17/25"
"Vikingové: 6. řada: Duchové, bohové a běžící psi","8/17/25"
"Vikingové: 6. řada: Prorok","8/17/25"
"Vikingové: 6. řada: Nové začátky","8/16/25"
"Vikingové: 5. řada: Ragnarok","8/16/25"
"Vikingové: 5. řada: Co se děje v jeskyni","8/16/25"
"Vikingové: 5. řada: Baldur","8/16/25"
"Vikingové: 5. řada: Nejstrašnější věc","8/16/25"
"Vikingové: 5. řada: Buddha","8/16/25"
"Vikingové: 5. řada: Peklo","8/16/25"
"Vikingové: 5. řada: Ztracený okamžik","8/16/25"
"Vikingové: 5. řada: Nový bůh","8/15/25"
"Vikingové: 5. řada: Nejodpornější vražda","8/15/25"
"Vikingové: 5. řada: Odhalení","8/15/25"
"Vikingové: 5. řada: Okamžiky vzpomínek","8/15/25"
"Vikingové: 5. řada: Prostý příběh","8/15/25"
"Vikingové: 5. řada: Žert","8/15/25"
"Vikingové: 5. řada: Úplněk","8/15/25"
"Vikingové: 5. řada: Vzkaz","8/14/25"
"Vikingové: 5. řada: Zajatec","8/14/25"
"Vikingové: 5. řada: Plán","8/14/25"
"Sakamoto Days: Řezaný tanec","8/14/25"
"Sakamoto Days: Kolem věže","8/14/25"
"Vikingové: 5. řada: Otčina","8/14/25"
"Vikingové: 5. řada: Země bohů","8/13/25"
"Vikingové: 5. řada: Král Rybář","8/12/25"
"Vikingové: 4. řada: Zúčtování","8/12/25"
"Vikingové: 4. řada: V předvečer","8/12/25"
"Vikingové: 4. řada: Pomsta","8/12/25"
"Monster: CHAPTER 18","8/12/25"
"Vikingové: 4. řada: Velká armáda","8/12/25"
"Vikingové: 4. řada: Křižovatky","8/12/25"
"Vikingové: 4. řada: Všichni jeho andělé","8/11/25"
"Vikingové: 4. řada: V nejisté hodině nad ránem","8/11/25"
"Vikingové: 4. řada: Dvě cesty","8/11/25"
"Vikingové: 4. řada: Vidění","8/11/25"
"Vikingové: 4. řada: Outsider","8/11/25"
"Vikingové: 4. řada: Poslední loď","8/11/25"
"Vikingové: 4. řada: Smrt všude kolem","8/10/25"
"Vikingové: 4. řada: Portáž","8/10/25"
"Vikingové: 4. řada: Zisk a ztráta","8/10/25"
"Vikingové: 4. řada: Co se mohlo stát","8/10/25"
"Vikingové: 4. řada: Přísliby","8/10/25"
"Vikingové: 4. řada: Jól","8/9/25"
"Vikingové: 4. řada: Milost","8/9/25"
"Vikingové: 4. řada: Zabijte královnu","8/9/25"
"Vikingové: 4. řada: Dobrá zrada","8/8/25"
"Vikingové: 3. řada: Mrtví","8/8/25"
"Vikingové: 3. řada: Bod zlomu","8/8/25"
"Vikingové: 3. řada: Útokem vpřed!","8/8/25"
"Vikingové: 3. řada: Paříž","8/8/25"
"Vikingové: 3. řada: Znovuzrození","8/8/25"
"Vikingové: 3. řada: Uzurpátor","8/8/25"
"Vikingové: 3. řada: Zjizvený","8/8/25"
"Vikingové: 3. řada: Osud bojovníka","8/8/25"
"Vikingové: 3. řada: Poutník","8/7/25"
"Vikingové: 3. řada: Žoldák","8/7/25"
"Vikingové: 2. řada: Modlitba Páně","8/7/25"
"Vikingové: 2. řada: Volba","8/7/25"
"Vikingové: 2. řada: Ivar Bezkostý","8/7/25"
"Vikingové: 2. řada: Krvavý orel","8/6/25"
"Vikingové: 2. řada: Nesmiřitelní","8/6/25"
"Vikingové: 2. řada: Odpovědi psané krví","8/6/25"
"Vikingové: 2. řada: Oko za oko","8/6/25"
"Vikingové: 2. řada: Zrada","8/6/25"
"Vikingové: 2. řada: Invaze","8/6/25"
"Vikingové: 2. řada: Válka bratrů","8/5/25"
"Vikingové: 1. řada: Samá změna","8/5/25"
"Vikingové: 1. řada: Oběť bohům","8/5/25"
"Vikingové: 1. řada: Královo výkupné","8/5/25"
"Vikingové: 1. řada: Pohřeb","8/4/25"
"Vikingové: 1. řada: Nájezd","8/4/25"
"Vikingové: 1. řada: Proces","8/4/25"
"Vikingové: 1. řada: Vyvlastnění","8/4/25"
"Vikingové: 1. řada: Hněv Seveřanů","8/4/25"
"Vikingové: 1. řada: Přechodové rituály","8/4/25"
"Poslední království: 1. řada: 1. díl","8/4/25"
"Monster: CHAPTER 17","8/1/25"
"Monster: CHAPTER 16","8/1/25"
"Monster: CHAPTER 15","8/1/25"
"Monster: CHAPTER 14","8/1/25"
"Hunger Games: Síla vzdoru 2. část","7/31/25"
"Hunger Games: Síla vzdoru 1. část","7/30/25"
"Hunger Games: Vražedná pomsta","7/29/25"
"Monster: CHAPTER 13","7/29/25"
"Sakamoto Days: Drtivý útok","7/29/25"
"Sakamoto Days: Samé dezerty","7/29/25"
"Monster: CHAPTER 12","7/28/25"
"Monster: CHAPTER 11","7/28/25"
"Monster: CHAPTER 10","7/28/25"
"Monster: CHAPTER 9","7/28/25"
"Monster: CHAPTER 8","7/28/25"
"Monster: CHAPTER 7","7/27/25"
"Monster: CHAPTER 6","7/27/25"
"Monster: CHAPTER 5","7/27/25"
"Monster: CHAPTER 4","7/27/25"
"Monster: CHAPTER 3","7/27/25"
"Monster: CHAPTER 2","7/27/25"
"Monster: CHAPTER 1","7/27/25"
"Cyberpunk: Edgerunners: Lidstvo","7/26/25"
"Cyberpunk: Edgerunners: Na Měsíci!","7/25/25"
"Cyberpunk: Edgerunners: Zůstaň","7/24/25"
"Cyberpunk: Edgerunners: Silnější","7/24/25"
"Cyberpunk: Edgerunners: Hustá holka","7/24/25"
"Cyberpunk: Edgerunners: Pod dohledem","7/23/25"
"Harry Potter a Relikvie smrti – část 2","7/22/25"
"Cyberpunk: Edgerunners: Šťastlivec","7/20/25"
"Cyberpunk: Edgerunners: Elegantní zločinec","7/20/25"
"Cyberpunk: Edgerunners: Jako kluk","7/20/25"
"Cyberpunk: Edgerunners: Nezklamu tě","7/20/25"
"Sakamoto Days: Přespříliš","7/18/25"
"Sakamoto Days: Souboj v kasinu","7/18/25"
"Sakamoto Days: Režim lázně","7/18/25"
"Sakamoto Days: Nasedat!","7/15/25"
"Sakamoto Days: Sakamoto vs. Lab","7/15/25"
"Sakamoto Days: Jurský parchant","7/15/25"
"Sakamoto Days: Heisuke Mašimo","7/15/25"
"Sakamoto Days: Zdroj síly","7/15/25"
"Sakamoto Days: Tvrďák","7/15/25"
"Sakamoto Days: Vítejte v Sugar parku","7/15/25"
"Sakamoto Days: Vs. Son Hi a Bačo","7/15/25"
"Sakamoto Days: Legendární zabiják","7/15/25"
"Fullmetal Alchemist – Bratrství: 1. část: Ocelový alchymista","7/15/25"
"Honest Thief","7/14/25"
"Sběratel polibků","7/14/25"
"Sedm","7/14/25"
"Husí kůže 2: Ukradený Halloween","7/12/25"
"Red Notice","7/10/25"
"Totální provar: Tragédie na festivalu Astroworld","7/6/25"
"Travis Scott: Koukej, mami, létám","7/6/25"
"Cesta do fantazie","7/6/25"
"Zataženo, občas trakaře 2","7/2/25"
"Mimoni","7/2/25"
"Hra na oliheň v rozhovorech","6/28/25"
"Hra na oliheň: 3. řada: Lidé jsou…","6/27/25"
"Hra na oliheň: 3. řada: ○△□","6/27/25"
"Hra na oliheň: 3. řada: 222","6/27/25"
"Hra na oliheň: 3. řada: Není to tvoje vina","6/27/25"
"Hra na oliheň: 3. řada: Hvězdná noc","6/27/25"
"Hra na oliheň: 3. řada: Klíče a nože","6/27/25"
"Piklírna: 1. část: Klony","6/27/25"
"Piklírna: 1. část: Náhrada za prezidenta","6/25/25"
"Centrální inteligence","6/25/25"
"Zápisník smrti: Death Note: Pochyby","6/22/25"
"Zápisník smrti: Death Note: Setkání","6/22/25"
"Zápisník smrti: Death Note: Záře","6/22/25"
"Zápisník smrti: Death Note: Zataženo","6/21/25"
"Zápisník smrti: Death Note: Odhalení","6/21/25"
"Zápisník smrti: Death Note: Taktika","6/21/25"
"Zápisník smrti: Death Note: Pronásledování","6/21/25"
"Zápisník smrti: Death Note: Jednání","6/21/25"
"Zápisník smrti: Death Note: Konfrontace","6/21/25"
"Zápisník smrti: Death Note: Znovuzrození","6/21/25"
"Modré období: Probuzení vášně pro malování","6/21/25"
"Love, Death & Robots: 3. svazek: V klenutých sálech pohřbený","6/12/25"
"Love, Death & Robots: 3. svazek: Masonovy krysy","6/12/25"
"Love, Death & Robots: 3. svazek: Roj","6/12/25"
"Love, Death & Robots: 3. svazek: Tým zabijáků","6/12/25"
"Love, Death & Robots: 3. svazek: Tři roboti: Strategie úniku","6/12/25"
"Love, Death & Robots: 4. svazek: Can't Stop","6/12/25"
"Love, Death & Robots: 4. svazek: Chytré věci, hloupí majitelé","6/12/25"
"Love, Death & Robots: 4. svazek: Ó, jak se plíží","6/12/25"
"Love, Death & Robots: 4. svazek: Golgota","6/12/25"
"Love, Death & Robots: 4. svazek: Řev tyranosaura","6/12/25"
"Love, Death & Robots: 4. svazek: Kluci ze čtyřstý","6/12/25"
"Love, Death & Robots: 4. svazek: Ta druhá velká věc","6/12/25"
"Love, Death & Robots: 4. svazek: Jak Zeke k víře přišel","6/12/25"
"Love, Death & Robots: 4. svazek: Pavoučí růže","6/12/25"
"Love, Death & Robots: 4. svazek: Blízká setkání miniaturního druhu","6/12/25"
"Zlomové okamžiky: Válka ve Vietnamu: Amerika jde do války","6/11/25"
"Chernobyl 1986","6/10/25"
"Apollo 13: Boj o přežití","6/7/25"
"Apollo 17: The Untold Story of the Last Men on the Moon","6/6/25"
"14 vrcholů: Nic není nemožné","6/4/25"
"Saw X","5/28/25"
"Otřes: Zemětřesení pod Everestem: Minisérie: Únik","5/26/25"
"Otřes: Zemětřesení pod Everestem: Minisérie: Není cesty ven","5/25/25"
"Otřes: Zemětřesení pod Everestem: Minisérie: Nesprávné místo v nesprávnou dobu","5/25/25"
"Závod o vrchol","5/25/25"
"Kuroko no basket: 3. řada: Den bez mráčku","4/26/25"
"Kuroko no basket: 3. řada: Je to ten nejlepší hráč","4/23/25"
"Kuroko no basket: 3. řada: Tentokrát určitě","4/23/25"
"Kuroko no basket: 3. řada: Abychom vyhráli","4/23/25"
"Kuroko no basket: 3. řada: Nepodceňujte nás!","4/23/25"
"Kuroko no basket: 3. řada: Pravé světlo","4/21/25"
"Kuroko no basket: 3. řada: Až se tomu musím smát","4/21/25"
"Kuroko no basket: 3. řada: Já jim ukážu","4/21/25"
"Kuroko no basket: 3. řada: Nic z toho neznám","4/21/25"
"Kuroko no basket: 3. řada: Zatím si vezmu tyhle","4/21/25"
"Kuroko no basket: 3. řada: Jdi mi z cesty","4/17/25"
"Kuroko no basket: 3. řada: Moje šance","4/17/25"
"Jumanji: Další level","4/16/25"
"Madagaskar 2: Útěk do Afriky","4/16/25"
"Prci, prci, prcičky 2","4/15/25"
"La Palma: Minisérie: Útěk na Tenerife","4/14/25"
"La Palma: Minisérie: Něco je ve vzduchu","4/14/25"
"La Palma: Minisérie: Planý poplach","4/14/25"
"Karate Kid","4/11/25"
"Norbit","4/6/25"
"Sexuální výchova: 4. řada: 8. díl","4/6/25"
"Croodsovi","4/6/25"
"Sexuální výchova: 4. řada: 7. díl","4/6/25"
"Sexuální výchova: 4. řada: 6. díl","4/5/25"
"Sexuální výchova: 4. řada: 5. díl","4/5/25"
"Sexuální výchova: 4. řada: 4. díl","4/5/25"
"Sexuální výchova: 4. řada: 3. díl","4/5/25"
"Sexuální výchova: 4. řada: 2. díl","4/5/25"
"Sexuální výchova: 4. řada: 1. díl","4/4/25"
"Sexuální výchova: 3. řada: 8. díl","4/4/25"
"Sexuální výchova: 3. řada: 7. díl","4/4/25"
"Sexuální výchova: 3. řada: 6. díl","4/4/25"
"Sexuální výchova: 3. řada: 5. díl","4/3/25"
"Sexuální výchova: 3. řada: 4. díl","4/3/25"
"Sexuální výchova: 3. řada: 3. díl","4/2/25"
"Sexuální výchova: 3. řada: 2. díl","4/2/25"
"Sexuální výchova: 3. řada: 1. díl","4/2/25"
"Sexuální výchova: 2. řada: 8. díl","4/1/25"
"Sexuální výchova: 2. řada: 7. díl","4/1/25"
"Sexuální výchova: 2. řada: 6. díl","4/1/25"
"Sexuální výchova: 2. řada: 5. díl","3/31/25"
"Sexuální výchova: 2. řada: 4. díl","3/31/25"
"Sexuální výchova: 2. řada: 3. díl","3/31/25"
"Sexuální výchova: 2. řada: 2. díl","3/31/25"
"Sexuální výchova: 2. řada: 1. díl","3/31/25"
"Sexuální výchova: 1. řada: 8. díl","3/31/25"
"Sexuální výchova: 1. řada: 7. díl","3/31/25"
"Vlk z Wall Street","3/22/25"
"Hra na oliheň: 2. řada: Přítel, nebo nepřítel","12/29/24"
"Hra na oliheň: 2. řada: O ﻿ X","12/29/24"
"Hra na oliheň: 2. řada: Ještě jednou","12/28/24"
"Hra na oliheň: 2. řada: Šest nohou","12/28/24"
"Hra na oliheň: 2. řada: 001","12/28/24"
"Hra na oliheň: 2. řada: Halloweenský večírek","12/27/24"
"Hra na oliheň: 2. řada: Chleba a loterie","12/27/24"
"Díra 2","10/18/24"
"Kuroko no basket: 2. řada: 26. díl","9/11/24"
"Kuroko no basket: 1. řada: 25. díl","9/11/24"
"Kuroko no basket: 1. řada: 24. díl","9/10/24"
"Kuroko no basket: 1. řada: 23. díl","9/10/24"
"Kuroko no basket: 1. řada: Rozskok","9/9/24"
"Kuroko no basket: 1. řada: 22. díl","9/9/24"
"Kuroko no basket: 1. řada: 21. díl","9/9/24"
"Kuroko no basket: 1. řada: 20. díl","9/7/24"
"Kuroko no basket: 1. řada: 19. díl","9/7/24"
"Kuroko no basket: 1. řada: 18. díl","9/6/24"
"Kuroko no basket: 1. řada: 17. díl","9/6/24"
"Kuroko no basket: 1. řada: 16. díl","9/6/24"
"Kuroko no basket: 1. řada: 15. díl","9/6/24"
"Kuroko no basket: 1. řada: 第14Q そっくりだね","9/6/24"
"Kuroko no basket: 1. řada: 13. díl","9/6/24"
"Kuroko no basket: 1. řada: 12. díl","9/6/24"
"Kuroko no basket: 1. řada: 11. díl","9/6/24"
"Kuroko no basket: 1. řada: 10. díl","9/6/24"
"Kuroko no basket: 1. řada: 3. díl","9/6/24"
"Kuroko no basket: 1. řada: 9. díl","9/5/24"
"Kuroko no basket: 1. řada: 8. díl","9/5/24"
"Kuroko no basket: 1. řada: 7. díl","9/5/24"
"Kuroko no basket: 1. řada: 6. díl","9/5/24"
"Kuroko no basket: 1. řada: 5. díl","9/5/24"
"Kuroko no basket: 1. řada: 4. díl","9/5/24"
"Kuroko no basket: 1. řada: 2. díl","9/4/24"
"Kuroko no basket: 1. řada: 1. díl","9/4/24"
"Dovolená za trest","8/11/24"
"Pavučina","8/11/24"
"Jackass 4.5","8/10/24"
"Mamma Mia!","7/31/24"
"V zajetí démonů","7/26/24"
"Eli","7/26/24"
"Machři","7/26/24"
"Kocour v botách: Poslední přání","7/26/24"
"Protivný sprostý holky","7/24/24"
"Stáhni a zemřeš","7/12/24"
"50x a stále poprvé","7/9/24"
"Pidihajzlík","7/9/24"
"Halloween zabíjí","6/15/24"
"Všechno nejhorší","6/15/24"
"Doba ledová 3: Úsvit dinosaurů","5/24/24"
"Cast Away","5/1/24"
"Shrek Třetí","5/1/24"
"Ninjago: Odkaz Zeleného ninji: Poslední cesta","4/23/24"
"Ninjago: Odkaz Zeleného ninji: Den, kdy se Ninjago zastavilo","4/23/24"
"Ninjago: Odkaz Zeleného ninji: Kamenná armáda","4/23/24"
"Úsměv","4/23/24"
"Klub rváčů","4/15/24"
"Tučňáci z Madagaskaru","4/4/24"
"Pobřežní hlídka","3/27/24"
"Zpívej 2","3/14/24"
"Ulice strachu – 2. část: 1978","3/10/24"
"Chlapec v pruhovaném pyžamu","3/7/24"
"","3/7/24"
"Trollové","3/7/24"
"Johnny English znovu zasahuje","3/7/24"
"Hanebný pancharti","3/6/24"
"Mimoni 2: Padouch přichází","3/5/24"
"Mamma Mia! Here We Go Again","2/29/24"
"Jeden den: Minisérie: 1. díl","2/25/24"
"Black Mirror: 2. řada: Medvídek Waldo","2/22/24"
"Uncharted","2/15/24"
"Já, padouch 3","2/10/24"
"Já, padouch 2","2/8/24"
"Jumanji: Vítejte v džungli!","2/4/24"
"Nikdo nevyvázne živý","2/2/24"
"Haunted: 3. řada: Prokletá chata","2/2/24"
"Stánek s polibky 3","1/31/24"
"Stánek s polibky 2","1/30/24"
"Stánek s polibky","1/29/24"
"EuroTrip","1/29/24"
"Bakugan: Battle Planet: Srdce ze zlata / Hluboká hibernace","1/29/24"
"Bakugan: Battle Planet: Bakuzoni před branami 1. část / Bakuzoni před branami 2. část","1/29/24"
"Bakugan: Battle Planet: Burgerová bitva / Neopičte se","1/29/24"
"Bakugan: Battle Planet: O původu druhů","1/29/24"
"Madagaskar","1/28/24"
"Emoji ve filmu","1/27/24"
"Lorax","1/26/24"
"Separace","1/24/24"
"Outer Banks: 2. řada: Kříž","1/23/24"
"Outer Banks: 2. řada: Táborák","1/23/24"
"Outer Banks: 2. řada: Loď","1/23/24"
"Outer Banks: 1. řada: Začátek","1/23/24"
"Poltergeist Activity","1/21/24"
"V letu","1/15/24"
"Zombieland","1/15/24"
"Návrh","1/12/24"
"Elita: 5. řada: Prosím, řekni pravdu","1/12/24"
"BASTARD‼ -Heavy Metal, Dark Fantasy-: 2. řada: Shromáždění","1/12/24"
"BASTARD‼ -Heavy Metal, Dark Fantasy-: 2. řada: Svatá válka IV","1/12/24"
"BASTARD‼ -Heavy Metal, Dark Fantasy-: 2. řada: Svatá válka III","1/12/24"
"BASTARD‼ -Heavy Metal, Dark Fantasy-: 2. řada: Svatá válka II","1/12/24"
"BASTARD‼ -Heavy Metal, Dark Fantasy-: 2. řada: Svatá válka I","1/12/24"
"BASTARD‼ -Heavy Metal, Dark Fantasy-: 2. řada: Vzdálený hrom","1/12/24"
"BASTARD‼ -Heavy Metal, Dark Fantasy-: 2. řada: Legenda","1/12/24"
"Berlín: 1. řada: Energie lásky","1/12/24"
"BASTARD‼ -Heavy Metal, Dark Fantasy-: 2. řada: Magická země","1/11/24"
"BASTARD‼ -Heavy Metal, Dark Fantasy-: 2. řada: Teleportace","1/11/24"
"BASTARD‼ -Heavy Metal, Dark Fantasy-: 2. řada: Odjezd","1/11/24"
"BASTARD‼ -Heavy Metal, Dark Fantasy-: 2. řada: Led a sníh","1/11/24"
"BASTARD‼ -Heavy Metal, Dark Fantasy-: 2. řada: Úsvit","1/11/24"
"BASTARD‼ -Heavy Metal, Dark Fantasy-: 2. řada: Modrá bouře","1/11/24"
"BASTARD‼ -Heavy Metal, Dark Fantasy-: 2. řada: Osud","1/11/24"
"BASTARD‼ -Heavy Metal, Dark Fantasy-: 2. řada: Vzpoura","1/11/24"
"BASTARD‼ -Heavy Metal, Dark Fantasy-: 1. řada: Konec","1/11/24"
"BASTARD‼ -Heavy Metal, Dark Fantasy-: 1. řada: Vyhlazení","1/11/24"
"BASTARD‼ -Heavy Metal, Dark Fantasy-: 1. řada: Rozuzlení","1/11/24"
"BASTARD‼ -Heavy Metal, Dark Fantasy-: 1. řada: Krutý boj","1/11/24"
"BASTARD‼ -Heavy Metal, Dark Fantasy-: 1. řada: Tyranie","1/11/24"
"Příšera ze starého Soulu: 1. řada: Slza","1/11/24"
"BASTARD‼ -Heavy Metal, Dark Fantasy-: 1. řada: Císařovna hromů","1/10/24"
"BASTARD‼ -Heavy Metal, Dark Fantasy-: 1. řada: Tajemství meče","1/10/24"
"BASTARD‼ -Heavy Metal, Dark Fantasy-: 1. řada: Prsten","1/10/24"
"BASTARD‼ -Heavy Metal, Dark Fantasy-: 1. řada: Zaklínadlo","1/10/24"
"BASTARD‼ -Heavy Metal, Dark Fantasy-: 1. řada: Triumfální návrat","1/10/24"
"BASTARD‼ -Heavy Metal, Dark Fantasy-: 1. řada: Dojatá k slzám","1/10/24"
"BASTARD‼ -Heavy Metal, Dark Fantasy-: 1. řada: Váhání","1/10/24"
"BASTARD‼ -Heavy Metal, Dark Fantasy-: 1. řada: Na život a na smrt","1/10/24"
"BASTARD‼ -Heavy Metal, Dark Fantasy-: 1. řada: Proroctví","1/10/24"
"BASTARD‼ -Heavy Metal, Dark Fantasy-: 1. řada: Bohyně hromu","1/10/24"
"BASTARD‼ -Heavy Metal, Dark Fantasy-: 1. řada: Modrý nehet","1/10/24"
"BASTARD‼ -Heavy Metal, Dark Fantasy-: 1. řada: Dávný předek","1/10/24"
"BASTARD‼ -Heavy Metal, Dark Fantasy-: 1. řada: Děsivý démon","1/10/24"
"BASTARD‼ -Heavy Metal, Dark Fantasy-: 1. řada: Osud","1/10/24"
"BASTARD‼ -Heavy Metal, Dark Fantasy-: 1. řada: Souboj","1/10/24"
"BASTARD‼ -Heavy Metal, Dark Fantasy-: 1. řada: Invaze","1/10/24"
"BASTARD‼ -Heavy Metal, Dark Fantasy-: 1. řada: Únos","1/10/24"
"BASTARD‼ -Heavy Metal, Dark Fantasy-: 1. řada: Divočina","1/10/24"
"BASTARD‼ -Heavy Metal, Dark Fantasy-: 1. řada: Příchod","1/10/24"
"Tekken: Bloodline: 6. díl","1/8/24"
"Tekken: Bloodline: 5. díl","1/8/24"
"Tekken: Bloodline: 3. díl","1/8/24"
"Tekken: Bloodline: 4. díl","1/8/24"
"Upír v rodině","1/8/24"
"Příšera ze starého Soulu: 1. řada: Zvěrstvo","1/8/24"
"Tekken: Bloodline: 2. díl","1/8/24"
"Tekken: Bloodline: 1. díl","1/8/24"
"Příšera ze starého Soulu: 1. řada: Probuzení","1/8/24"
"Ninjago: Vzestup hadích kmenů: Hadí uštknutí","1/8/24"
"Ninjago: Vzestup hadích kmenů: Nikdy nevěř hadům","1/8/24"
"Ninjago: Vzestup hadích kmenů: Skrytá hrozba","1/8/24"
"Okouzlující démon: Minisérie: Spasitel destrukce","1/8/24"
"Okouzlující démon: Minisérie: Zlověstný ráj","1/8/24"
"Hlasy","1/7/24"
"47 róninů","1/7/24"
"Okouzlující démon: Minisérie: Prolomení skořápky","1/5/24"
"Okouzlující démon: Minisérie: Odhalená pravda","1/5/24"
"Okouzlující démon: Minisérie: Osudová volba","1/5/24"
"Okouzlující démon: Minisérie: Poskvrněné vztahy","1/5/24"
"Jú jú hakušo: 5. díl","1/3/24"
"Jú jú hakušo: 4. díl","1/3/24"
"Jú jú hakušo: 3. díl","1/3/24"
"Jú jú hakušo: 2. díl","1/3/24"
"Jú jú hakušo: 1. díl","1/3/24"
"Příšera ze starého Soulu: 1. řada: Štvanice","1/3/24"
"Příšera ze starého Soulu: 1. řada: Chaos","1/3/24"
"Příšera ze starého Soulu: 1. řada: Beznaděj","1/3/24"
"Příšera ze starého Soulu: 1. řada: Imprinting","1/1/24"
"Příšera ze starého Soulu: 1. řada: Signál","12/31/23"
"Příšera ze starého Soulu: 1. řada: Matka","12/31/23"
"Příšera ze starého Soulu: 1. řada: Nadžin","12/31/23"
"Rebel Moon: První část – Zrozená z ohně","12/30/23"
"Kouzelná chůva a Velký třesk","12/22/23"
"Zakletá Ella","12/22/23"
"Okouzlující démon: Minisérie: Do kola štěstěny","12/11/23"
"Okouzlující démon: Minisérie: Jen ty","12/11/23"
"Na maděru: Poslední šance","12/6/23"
"Na maděru: Jen ať se to sype!","12/6/23"
"Na maděru: Srdečné pozdravy z Vegas","12/6/23"
"Na maděru: Někdo tu střílí!","12/6/23"
"Na maděru: Pochod hanby","12/6/23"
"Neomanželka","12/5/23"
"Sladký domove!: 1. řada: 1. díl","12/5/23"
"Lepší než my: 2. díl","12/5/23"
"Lepší než my: 1. díl","12/5/23"
"Okouzlující démon: Minisérie: Lákavý, ale nebezpečný","12/5/23"
"Okouzlující démon: Minisérie: Spojení sil s démonem","12/5/23"
"Na maděru: Kostky","12/1/23"
"Na maděru: Narozen v SSSR","12/1/23"
"Na maděru: Skuteční američtí hrdinové","12/1/23"
"Okouzlující démon: Minisérie: Démon sídlí v každém z nás","11/28/23"
"Okouzlující démon: Minisérie: Život v mlze","11/28/23"
"Silná holka Nam-sun: Minisérie: Ve jménu lásky a spravedlnosti","11/27/23"
"Silná holka Nam-sun: Minisérie: Silná holka Nam-sun","11/27/23"
"Hra na oliheň: Výzva: 1. řada: Chvíle oddechu","11/24/23"
"Hra na oliheň: Výzva: 1. řada: Nikdo se neskryje","11/24/23"
"Hra na oliheň: Výzva: 1. řada: Válka","11/24/23"
"Hra na oliheň: Výzva: 1. řada: Muž s deštníkem","11/24/23"
"Hra na oliheň: Výzva: 1. řada: Červená, zelená","11/24/23"
"Elita: 5. řada: Tělo","11/20/23"
"Elita: 5. řada: Spoutej mě","11/20/23"
"Elita: 5. řada: Všechno se může","11/20/23"
"Silná holka Nam-sun: Minisérie: Očekávaný masakr","11/20/23"
"Silná holka Nam-sun: Minisérie: Zachraňte mořské zajíce","11/20/23"
"Elita: 5. řada: Zabil jsem ho","11/16/23"
"Elitní povídky: Carla Samuel: 1. část","11/16/23"
"Elita: 4. řada: Než odejdu (2. část)","11/16/23"
"Elita: 4. řada: Než odejdu (1. část)","11/16/23"
"Elita: 4. řada: Miluju tě úplně špatně","11/16/23"
"Elita: 4. řada: Znovuzačlenění","11/16/23"
"Elita: 4. řada: Já jsem…","11/15/23"
"Elita: 4. řada: Když lži tančí s pokušením","11/15/23"
"Elita: 4. řada: Pět sekund","11/15/23"
"Elita: 4. řada: Nové pořádky","11/15/23"
"Shrek 2","11/14/23"
"Elita: 3. řada: Polo","11/13/23"
"Elita: 3. řada: Nadia a Omar","11/13/23"
"Elita: 3. řada: Rebeka","11/13/23"
"Elita: 3. řada: Ander","11/13/23"
"Silná holka Nam-sun: Minisérie: Diamant proti diamantu","11/13/23"
"Silná holka Nam-sun: Minisérie: Bod zlomu","11/13/23"
"Elita: 3. řada: Lu","11/10/23"
"Elita: 3. řada: Cayetana a Valerio","11/10/23"
"Elita: 3. řada: Samuel a Guzmán","11/10/23"
"Elita: 3. řada: Carla","11/10/23"
"Elita: 2. řada: Doba pohřešování: 0 hodin","11/10/23"
"Elita: 2. řada: Doba pohřešování: 84 hodin","11/10/23"
"Elita: 2. řada: Doba pohřešování: 66 hodin","11/10/23"
"Elita: 2. řada: Doba pohřešování: 63 hodin","11/8/23"
"Elita: 2. řada: Doba pohřešování: 59 hodin","11/8/23"
"Elita: 2. řada: Doba pohřešování: 36 hodin","11/8/23"
"Elita: 2. řada: Doba pohřešování: 34 hodin","11/8/23"
"Elita: 2. řada: Doba pohřešování: 20 hodin","11/8/23"
"Elita: 1. řada: Asilah","11/7/23"
"Elita: 1. řada: Hromadný výbuch","11/7/23"
"Elita: 1. řada: Všechno bude v pořádku","11/7/23"
"Elita: 1. řada: Všichni lžou","11/7/23"
"Ninjago: Odkaz Zeleného ninji: Nesprávné místo v nesprávnou dobu","11/6/23"
"Ninjago: Odkaz Zeleného ninji: Hračka","11/6/23"
"Elita: 1. řada: Láska je droga","11/6/23"
"Elita: 1. řada: Sobotní noc","11/6/23"
"Elita: 1. řada: Touha","11/6/23"
"Elita: 1. řada: Vítejte","11/6/23"
"Cigaretová holka: Čeng Jah","11/6/23"
"Silná holka Nam-sun: Minisérie: Náhradníci","11/6/23"
"Silná holka Nam-sun: Minisérie: Kořen neřesti","11/6/23"
"Ninjago: Odkaz Zeleného ninji: Ninjaball","11/5/23"
"Ninjago: Odkaz Zeleného ninji: Pořádné potíže","11/5/23"
"Ninjago: Odkaz Zeleného ninji: Piráti vs. ninjové","11/4/23"
"Parťačky","11/3/23"
"Ninjago: Odkaz Zeleného ninji: Temnota povstane","11/2/23"
"Bohemian Rhapsody","11/2/23"
"Nekoneční","11/2/23"
"Spojení osudem: Minisérie: 7. díl","11/2/23"
"Spojení osudem: Minisérie: 6. díl","11/2/23"
"Spojení osudem: Minisérie: 5. díl","11/2/23"
"Spojení osudem: Minisérie: 4. díl","11/1/23"
"Spojení osudem: Minisérie: 3. díl","11/1/23"
"Spojení osudem: Minisérie: 2. díl","11/1/23"
"Startup: START-UP","11/1/23"
"Láska a pouta","11/1/23"
"Du-na!: Du-na!","11/1/23"
"Du-na!: Nic neobvyklého","10/30/23"
"Du-na!: Musíme si to vyříkat","10/30/23"
"Du-na!: Zóna soumraku","10/30/23"
"Silná holka Nam-sun: Minisérie: Světlo a stín Kangnamu","10/30/23"
"Silná holka Nam-sun: Minisérie: Měsíční duha","10/30/23"
"Du-na!: Obyčejný polibek","10/27/23"
"Du-na!: Nečekaná věc","10/27/23"
"Du-na!: Jarní vánek","10/27/23"
"Du-na!: Seznamování","10/27/23"
"Du-na!: Nečekaný zvrat","10/27/23"
"Cobra Kai: 2. řada: Okamžik pravdy","10/26/23"
"Cobra Kai: 2. řada: Oheň a led","10/26/23"
"Cobra Kai: 2. řada: Back in Black","10/26/23"
"Cobra Kai: 2. řada: Slitování, 2. část","10/26/23"
"Cobra Kai: 1. řada: Slitování","10/26/23"
"Cobra Kai: 1. řada: Jiní, a přece stejní","10/26/23"
"Cobra Kai: 1. řada: Svlékání kůže","10/26/23"
"Cobra Kai: 1. řada: All Valley","10/26/23"
"Cobra Kai: 1. řada: Houf","10/26/23"
"Cobra Kai: 1. řada: Protiváha","10/26/23"
"Jodie, vyvolený: Zjevení","10/26/23"
"Jodie, vyvolený: Víra","10/26/23"
"Jodie, vyvolený: Pravda, nebo lež?","10/25/23"
"Jodie, vyvolený: Probuzení","10/25/23"
"Jodie, vyvolený: Zázraky?","10/25/23"
"Jodie, vyvolený: Příchod","10/25/23"
"Turbo","10/23/23"
"Hubieho Halloween","10/23/23"
"Silná holka Nam-sun: Minisérie: Mystery X","10/23/23"
"Silná holka Nam-sun: Minisérie: Soulská domobrana","10/23/23"
"Těla: Minisérie: Tak to už jste mrtvý","10/20/23"
"Dobré ráno, upírko: 1. řada: Muzikál","10/20/23"
"Dobré ráno, upírko: 1. řada: Odhalení","10/20/23"
"Dobré ráno, upírko: 1. řada: Horor","10/20/23"
"Ninjago: Vzestup hadích kmenů: Den Bájného požírače","10/18/23"
"Ninjago: Vzestup hadích kmenů: Bájný požírač ožívá","10/18/23"
"Ninjago: Vzestup hadích kmenů: Všechno nebo nic","10/18/23"
"Ninjago: Vzestup hadích kmenů: Zelený ninja","10/18/23"
"Ninjago: Vzestup hadích kmenů: Královští kovotepci","10/18/23"
"Ninjago: Vzestup hadích kmenů: Jedno kousnutí bolí dvakrát","10/18/23"
"Ninjago: Vzestup hadích kmenů: Tik tak","10/18/23"
"Dobré ráno, upírko: 1. řada: Rodokmen","10/18/23"
"Dobré ráno, upírko: 1. řada: Sourozenci","10/18/23"
"Dobré ráno, upírko: 1. řada: Zrcadlo, zrcadlo","10/18/23"
"Dobré ráno, upírko: 1. řada: Velká hra","10/18/23"
"Dobré ráno, upírko: 1. řada: Pilotní díl","10/18/23"
"Ninjago: Vzestup hadích kmenů: Král hadů","10/16/23"
"KENGAN ASHURA: 2. řada: Mela","10/16/23"
"KENGAN ASHURA: 2. řada: Rebelská vlajka","10/16/23"
"KENGAN ASHURA: 2. řada: Na život a na smrt","10/16/23"
"KENGAN ASHURA: 2. řada: Převaha","10/16/23"
"KENGAN ASHURA: 2. řada: Vzkříšení","10/16/23"
"KENGAN ASHURA: 2. řada: Peklo","10/16/23"
"KENGAN ASHURA: 2. řada: Starý přítel","10/16/23"
"KENGAN ASHURA: 2. řada: Sebevražedný útok","10/16/23"
"KENGAN ASHURA: 2. řada: Důstojnost","10/16/23"
"KENGAN ASHURA: 2. řada: Klaun","10/16/23"
"KENGAN ASHURA: 2. řada: Bodový útok","10/16/23"
"KENGAN ASHURA: 2. řada: Znamení","10/16/23"
"KENGAN ASHURA: 1. řada: 2. část: Otec","10/16/23"
"Silná holka Nam-sun: Minisérie: Shledání","10/16/23"
"Silná holka Nam-sun: Minisérie: Tři generace","10/16/23"
"Silná holka Nam-sun: Minisérie: Tady mě máš, Kangname","10/16/23"
"KENGAN ASHURA: 1. řada: 2. část: Ďábel","10/12/23"
"KENGAN ASHURA: 1. řada: 2. část: Na život a na smrt","10/12/23"
"KENGAN ASHURA: 1. řada: 2. část: Propast","10/12/23"
"KENGAN ASHURA: 1. řada: 2. část: Šampióni","10/12/23"
"KENGAN ASHURA: 1. řada: 2. část: Vůle","10/12/23"
"KENGAN ASHURA: 1. řada: 2. část: Výstřednosti","10/12/23"
"KENGAN ASHURA: 1. řada: 2. část: Ďáblovo kopí","10/12/23"
"KENGAN ASHURA: 1. řada: 2. část: Rakšasa","10/12/23"
"KENGAN ASHURA: 1. řada: 2. část: Rybář","10/12/23"
"KENGAN ASHURA: 1. řada: 2. část: Mistr a žák","10/12/23"
"KENGAN ASHURA: 1. řada: 2. část: Souboj cti","10/12/23"
"KENGAN ASHURA: 1. řada: 1. část: Otec a syn","10/12/23"
"KENGAN ASHURA: 1. řada: 1. část: Ashura","10/12/23"
"KENGAN ASHURA: 1. řada: 1. část: Sestra","10/12/23"
"KENGAN ASHURA: 1. řada: 1. část: Spravedlnost","10/12/23"
"Ninjago: Vzestup hadích kmenů: Domov","10/11/23"
"Ninjago: Vzestup hadích kmenů: Vzpoura hadů","10/11/23"
"Baletka","10/9/23"
"Lupin: 3. část: 7. kapitola","10/9/23"
"Lupin: 3. část: 6. kapitola","10/9/23"
"Lupin: 3. část: 5. kapitola","10/9/23"
"Lupin: 3. část: 4. kapitola","10/9/23"
"Lupin: 3. část: 3. kapitola","10/9/23"
"Silná holka Nam-sun: Minisérie: Zrození silné holky","10/9/23"
"Lupin: 3. část: 2. kapitola","10/6/23"
"Lupin: 3. část: 1. kapitola","10/6/23"
"Shrek","10/5/23"
"KENGAN ASHURA: 1. řada: 1. část: Boj začíná","10/2/23"
"KENGAN ASHURA: 1. řada: 1. část: Večer před turnajem","10/2/23"
"KENGAN ASHURA: 1. řada: 1. část: V zákulisí","10/2/23"
"KENGAN ASHURA: 1. řada: 1. část: Rvačka","10/2/23"
"Černá knížka","10/2/23"
"Přetížení","10/2/23"
"KENGAN ASHURA: 1. řada: 1. část: Zase spolu","9/27/23"
"KENGAN ASHURA: 1. řada: 1. část: Drsňák","9/27/23"
"KENGAN ASHURA: 1. řada: 1. část: Nadlidské výkony","9/27/23"
"KENGAN ASHURA: 1. řada: 1. část: Kengan","9/27/23"
"Podivuhodný příběh Henryho Sugara","9/27/23"
"Sexuální výchova: 1. řada: 6. díl","9/25/23"
"Píseň banditů: 1. díl","9/25/23"
"Sexuální výchova: 1. řada: 5. díl","9/25/23"
"Sexuální výchova: 1. řada: 4. díl","9/25/23"
"Vyměřený čas","9/25/23"
"Sexuální výchova: 1. řada: 3. díl","9/24/23"
"Sexuální výchova: 1. řada: 2. díl","9/21/23"
"Sexuální výchova: 1. řada: 1. díl","9/21/23"
"Slečna voyeur: Minisérie: Okno","9/21/23"
"Ehrengard: Umění svádět","9/21/23"
"Slečna voyeur: Minisérie: Zákon akce a reakce","9/13/23"
"Slečna voyeur: Minisérie: Rok, kdy jsem žila dva životy","9/13/23"
"Láska a anarchie: 1. řada: Je mi to líto","9/13/23"
"Láska a anarchie: 1. řada: Knižní veletrh","9/13/23"
"Láska a anarchie: 1. řada: Smlouva na dobu neurčitou","9/13/23"
"Láska a anarchie: 1. řada: Stream-Us","9/13/23"
"Láska a anarchie: 1. řada: Překvap mě","9/13/23"
"Láska a anarchie: 1. řada: Jak to všechno začalo","9/13/23"
"Přízeň krále: Minisérie: 20. díl","9/12/23"
"Přízeň krále: Minisérie: 19. díl","9/12/23"
"Přízeň krále: Minisérie: 18. díl","9/12/23"
"Přízeň krále: Minisérie: 17. díl","9/12/23"
"Přízeň krále: Minisérie: 16. díl","9/12/23"
"Přízeň krále: Minisérie: 15. díl","9/11/23"
"Přízeň krále: Minisérie: 14. díl","9/11/23"
"Přízeň krále: Minisérie: 13. díl","9/11/23"
"Přízeň krále: Minisérie: 12. díl","9/11/23"
"Přízeň krále: Minisérie: 11. díl","9/11/23"
"Přízeň krále: Minisérie: 10. díl","9/11/23"
"Přízeň krále: Minisérie: 9. díl","9/7/23"
"Přízeň krále: Minisérie: 8. díl","9/7/23"
"Přízeň krále: Minisérie: 7. díl","9/7/23"
"Přízeň krále: Minisérie: 6. díl","9/6/23"
"Přízeň krále: Minisérie: 5. díl","9/6/23"
"Přízeň krále: Minisérie: 4. díl","9/6/23"
"Přízeň krále: Minisérie: 3. díl","9/4/23"
"Přízeň krále: Minisérie: 2. díl","9/4/23"
"Přízeň krále: Minisérie: 1. díl","9/4/23"
"Probuzení","9/4/23"
"Spojení osudem: Minisérie: 1. díl","9/1/23"
"Dívka v masce: Minisérie: Džu Oh-nam","8/31/23"
"Dívka v masce: Minisérie: Kim Mo-mi","8/31/23"
"Ragnarök – Konec světa: 3. řada: Ragnarök","8/31/23"
"Ragnarök – Konec světa: 3. řada: Sbohem, armádo","8/31/23"
"Ragnarök – Konec světa: 3. řada: Můj milášek","8/31/23"
"Ragnarök – Konec světa: 3. řada: Losing My Religion","8/31/23"
"Ragnarök – Konec světa: 3. řada: Dokud nás smrt nerozdělí","8/31/23"
"Ragnarök – Konec světa: 3. řada: Válka skončila","8/30/23"
"Ragnarök – Konec světa: 2. řada: Láska hory přenáší","8/30/23"
"Ragnarök – Konec světa: 2. řada: Znát sám sebe","8/30/23"
"Ragnarök – Konec světa: 2. řada: Bůh je zkrátka bůh, jenže lidé zakoušejí smrt","8/30/23"
"Ragnarök – Konec světa: 2. řada: Moc patří lidu","8/30/23"
"Ragnarök – Konec světa: 2. řada: Co se stalo s tou milou stařenkou?","8/30/23"
"Ragnarök – Konec světa: 2. řada: Nerozluční bratři","8/30/23"
"Ragnarök – Konec světa: 1. řada: Ano, milujeme tuhle zemi","8/30/23"
"Ragnarök – Konec světa: 1. řada: Protonové číslo 48","8/29/23"
"Ragnarök – Konec světa: 1. řada: Ginnungagap","8/29/23"
"Ragnarök – Konec světa: 1. řada: Jutulheim","8/29/23"
"Ragnarök – Konec světa: 1. řada: 541 metrů","8/29/23"
"Kdo je Erin Carterová?: Minisérie: 7. díl","8/29/23"
"Kdo je Erin Carterová?: Minisérie: 6. díl","8/29/23"
"Kdo je Erin Carterová?: Minisérie: 5. díl","8/28/23"
"Kdo je Erin Carterová?: Minisérie: 4. díl","8/28/23"
"Kdo je Erin Carterová?: Minisérie: 3. díl","8/28/23"
"Kdo je Erin Carterová?: Minisérie: 2. díl","8/28/23"
"Kdo je Erin Carterová?: Minisérie: 1. díl","8/28/23"
"Víc než dotyk: Minisérie: 1. díl","8/14/23"
"Rachel Stoneová: Sázka na Srdce","8/14/23"
"Sny o druhé svatbě: 8. díl","8/11/23"
"Sny o druhé svatbě: 7. díl","8/11/23"
"Sny o druhé svatbě: 6. díl","8/11/23"
"Sny o druhé svatbě: 5. díl","8/11/23"
"Sny o druhé svatbě: 4. díl","8/10/23"
"Sny o druhé svatbě: 3. díl","8/10/23"
"Sny o druhé svatbě: 2. díl","8/10/23"
"Sny o druhé svatbě: 1. díl","8/10/23"
"Piráti: Poslední královský poklad","8/9/23"
"Spider-Man: Bez domova","8/9/23"
"Království úsměvů: Minisérie: 16. díl","8/7/23"
"Království úsměvů: Minisérie: 15. díl","8/7/23"
"Lapač duší","8/4/23"
"Sen","8/4/23"
"Snafu: V háji jako obvykle","8/3/23"
"Celebrita: Minisérie: #nikde #ale_všude #jako_vy_a_já","8/3/23"
"Celebrita: Minisérie: #ale_ona_je_mrtvá","8/3/23"
"Celebrita: Minisérie: #připravte_si_popcorn","8/3/23"
"Celebrita: Minisérie: #pravda_vítězí #odhalená_tajemství","8/3/23"
"Celebrita: Minisérie: #hierarchie #svět_v_němž_žijeme","8/3/23"
"Celebrita: Minisérie: #to_je_průšvih #obrátit_hru","8/3/23"
"Celebrita: Minisérie: #není_mi_to_líto #život_není_fér","8/2/23"
"Celebrita: Minisérie: #pandořina_skříňka #svět_v_němž_žijí","8/2/23"
"Celebrita: Minisérie: #spojme_se","8/2/23"
"Jak vznikal Zaklínač: Třetí řada","8/2/23"
"Zaklínač: 3. řada: Cena chaosu","8/2/23"
"Zaklínač: 3. řada: Z deště pod okap","8/2/23"
"Zaklínač: 3. řada: Každý má nějaké úmysly, jenže pak dostane do zubů","8/2/23"
"Záhadný lovec: 2. řada: Protiúder: 1. díl","7/31/23"
"Záhadný lovec: 1. řada: 1. díl","7/31/23"
"Království úsměvů: Minisérie: 14. díl","7/31/23"
"Království úsměvů: Minisérie: 13. díl","7/31/23"
"Celebrita: Minisérie: #lajky","7/28/23"
"Celebrita: Minisérie: #sleduji, sledující","7/28/23"
"Celebrita: Minisérie: #proslav_se","7/28/23"
"Nashle v mém 19. životě: Minisérie: Neschopnost zapomenout na toho, po kom toužíš","7/26/23"
"Nashle v mém 19. životě: Minisérie: Bolest z loučení s tím, koho miluješ","7/26/23"
"Nashle v mém 19. životě: Minisérie: Vůle dokončit, co jsi začal","7/26/23"
"Nashle v mém 19. životě: Minisérie: Štěstí, smutek, lítost a radost","7/25/23"
"Čmuchalové: 8. díl","7/25/23"
"Čmuchalové: 7. díl","7/25/23"
"Čmuchalové: 6. díl","7/25/23"
"Čmuchalové: 5. díl","7/25/23"
"Čmuchalové: 4. díl","7/24/23"
"Čmuchalové: 3. díl","7/24/23"
"Čmuchalové: 2. díl","7/24/23"
"Čmuchalové: 1. díl","7/24/23"
"Království úsměvů: Minisérie: 12. díl","7/24/23"
"Království úsměvů: Minisérie: 11. díl","7/24/23"
"Pacific Rim: Povstání","7/17/23"
"Království úsměvů: Minisérie: 10. díl","7/17/23"
"Království úsměvů: Minisérie: 9. díl","7/17/23"
"Titans: 4. řada: Lex Luthor","7/14/23"
"Království úsměvů: Minisérie: 8. díl","7/14/23"
"Království úsměvů: Minisérie: 7. díl","7/13/23"
"Království úsměvů: Minisérie: 6. díl","7/13/23"
"Království úsměvů: Minisérie: 5. díl","7/11/23"
"Království úsměvů: Minisérie: 4. díl","7/11/23"
"Království úsměvů: Minisérie: 3. díl","7/11/23"
"Království úsměvů: Minisérie: 2. díl","7/10/23"
"Království úsměvů: Minisérie: 1. díl","7/10/23"
"Zaklínač: 3. řada: Umění klamu","7/10/23"
"Zaklínač: 3. řada: Pozvání","7/10/23"
"Zaklínač: 3. řada: Zase spolu","7/10/23"
"Zaklínač: 3. řada: Každý po svém","7/3/23"
"Zaklínač: 3. řada: Shaerrawedd","7/3/23"
"Královna Šarlota: Příběh Bridgertonových: Korunovační klenoty","5/31/23"
"Královna Šarlota: Příběh Bridgertonových: Zahrady v rozpuku","5/31/23"
"Královna Šarlota: Příběh Bridgertonových: Králova opora","5/31/23"
"Královna Šarlota: Příběh Bridgertonových: Sudé dny","5/31/23"
"Královna Šarlota: Příběh Bridgertonových: Dokonalé líbánky","5/29/23"
"Královna Šarlota: Příběh Bridgertonových: Budoucí královna","5/29/23"
"Rytíř v černém: 3. díl","5/22/23"
"Rytíř v černém: 2. díl","5/22/23"
"Rytíř v černém: 1. díl","5/22/23"
"Irčan","5/19/23"
"365 dní: Ten den","5/13/23"
"Dalších 365 dní","5/13/23"
"Na západní frontě klid","5/10/23"
"Rebeka","5/8/23"
"Král","5/7/23"
"Šikovný krejčí: 1. řada: 1. díl","5/2/23"
"AKA","5/2/23"
"Inspektorka Ku: Minisérie: 1. díl","4/28/23"
"Denní směna","4/28/23"
"Když láska zuby vycení: Minisérie: Zkouška","4/27/23"
"Když láska zuby vycení: Minisérie: Změna klimatu","4/27/23"
"Když láska zuby vycení: Minisérie: V kutmundském stylu","4/27/23"
"Když láska zuby vycení: Minisérie: Nahoře a Dole","4/27/23"
"Van Helsing: 1. řada: Návrat","4/27/23"
"V měsíčním světle","4/25/23"
"Sabrinina děsivá dobrodružství: 4. část: Kapitola třicátá šestá: Na Horách šílenství","4/25/23"
"Sabrinina děsivá dobrodružství: 4. část: Kapitola třicátá pátá: Bez konce","4/25/23"
"Sabrinina děsivá dobrodružství: 4. část: Kapitola třicátá čtvrtá: Návrat","4/25/23"
"Sabrinina děsivá dobrodružství: 4. část: Kapitola třicátá třetí: Deus Ex Machina","4/25/23"
"Padesát odstínů temnoty","4/24/23"
"Padesát odstínů šedi","4/24/23"
"Sabrinina děsivá dobrodružství: 4. část: Kapitola třicátá druhá: Skřet zvrácenosti","4/24/23"
"Sabrinina děsivá dobrodružství: 4. část: Kapitola třicátá první: Podivnost","4/24/23"
"Dej mi své jméno","4/24/23"
"Sabrinina děsivá dobrodružství: 4. část: Kapitola třicátá: Nezvaný host","4/24/23"
"Sabrinina děsivá dobrodružství: 4. část: Kapitola dvacátá devátá: Temnota","4/24/23"
"Sabrinina děsivá dobrodružství: 3. část: Kaptitola dvacátá osmá: Legendární Sabrina","4/20/23"
"Sabrinina děsivá dobrodružství: 3. část: Kapitola dvacátá sedmá: Jidášův polibek","4/20/23"
"Sabrinina děsivá dobrodružství: 3. část: Kapitola dvacátá šestá: Všechny ty čarodějnice","4/20/23"
"Sabrinina děsivá dobrodružství: 3. část: Kapitola dvacátá pátá: Ďábel v nitru","4/20/23"
"Sabrinina děsivá dobrodružství: 3. část: Kapitola dvacátá čtvrtá: Zaječí měsíc","4/20/23"
"Sabrinina děsivá dobrodružství: 3. část: Kapitola dvacátá třetí: Těžká je koruna","4/20/23"
"Sabrinina děsivá dobrodružství: 3. část: Kapitola dvacátá druhá: Zatáhni mě do pekla","4/20/23"
"Sabrinina děsivá dobrodružství: 3. část: Kapitola dvacátá první: Srdce toužící po pekle","4/19/23"
"Sabrinina děsivá dobrodružství: 2. část: Kapitola dvacátá: Valčík s Mefistem","4/19/23"
"Sabrinina děsivá dobrodružství: 2. část: Kapitola devatenáctá: Mandragora","4/19/23"
"Sabrinina děsivá dobrodružství: 2. část: Kapitola osmnáctá: Zázraky Sabriny Spellmanové","4/17/23"
"Sabrinina děsivá dobrodružství: 2. část: Sedmnáctá kapitola: Misionáři","4/17/23"
"Hanna","4/17/23"
"Sabrinina děsivá dobrodružství: 2. část: Šestnáctá kapitola: Blackwood","4/14/23"
"Sabrinina děsivá dobrodružství: 2. část: Kapitola čtrnáctá: Luperkálie","4/13/23"
"Half Bad: Parchant s ďáblem v těle: 1. díl","4/13/23"
"Ochránce: 1. řada: 1. díl","4/13/23"
"Sabrinina děsivá dobrodružství: 2. část: Patnáctá kapitola: Dům hrůzy doktora Kerbera","4/13/23"
"Sabrinina děsivá dobrodružství: 2. část: Kapitola třináctá: Umučení Sabriny Spellmanové","4/12/23"
"Sabrinina děsivá dobrodružství: 2. část: Kapitola dvanáctá: Zjevení páně","4/12/23"
"Sabrinina děsivá dobrodružství: 1. část: Kapitola jedenáctá: Příběh zimního slunovratu","4/11/23"
"Sabrinina děsivá dobrodružství: 1. část: Kapitola desátá: Hodina duchů","4/11/23"
"Sabrinina děsivá dobrodružství: 1. část: Devátá kapitola: Navrátilec","4/3/23"
"Sabrinina děsivá dobrodružství: 1. část: Kapitola osmá: Pohřeb","4/3/23"
"Pok-sun nesmí přežít","4/3/23"
"Sabrinina děsivá dobrodružství: 1. část: Kapitola sedmá: Hostina všech hostin","3/31/23"
"Sabrinina děsivá dobrodružství: 1. část: Šestá kapitola: Vymítání v Greendale","3/31/23"
"Sabrinina děsivá dobrodružství: 1. část: Kapitola pátá: Snění v domě čarodějnic","3/30/23"
"Sabrinina děsivá dobrodružství: 1. část: Kapitola čtvrtá: Akademie čarodějnic","3/30/23"
"Sabrinina děsivá dobrodružství: 1. část: Kapitola třetí: Zkouška Sabriny Spellmanové","3/30/23"
"Sabrinina děsivá dobrodružství: 1. část: Kapitola druhá: Temný křest","3/30/23"
"Sabrinina děsivá dobrodružství: 1. část: Kapitola první: Říjnová země","3/30/23"
"Narušení","3/28/23"
"Tři fúrie","3/27/23"
"Noční agent: 1. řada: Otcové","3/27/23"
"Noční agent: 1. řada: Menší zlo","3/27/23"
"Noční agent: 1. řada: Návrat","3/27/23"
"Noční agent: 1. řada: Podávat za studena","3/27/23"
"Noční agent: 1. řada: Pochopení","3/27/23"
"Noční agent: 1. řada: Loutka","3/27/23"
"Noční agent: 1. řada: Tajemství","3/24/23"
"Noční agent: 1. řada: Správa zoo","3/24/23"
"Noční agent: 1. řada: Nové volání","3/24/23"
"Noční agent: 1. řada: Volání","3/23/23"
"Až do nebes: Seriál: V jámě lvové","3/23/23"
"Až do nebes: Seriál: Rodiče a děti","3/23/23"
"Až do nebes: Seriál: Šťourání do vosího hnízda","3/22/23"
"Až do nebes: Seriál: Trojský kůň","3/22/23"
"Až do nebes: Seriál: Vyřizování starých účtů","3/22/23"
"Až do nebes: Seriál: Nová přátelství a staří nepřátelé","3/22/23"
"Až do nebes: Seriál: Živí a mrtví","3/22/23"
"Láska a jiné závislosti","3/21/23"
"Světlo a stíny: 2. řada: Žádný pohřby","3/20/23"
"Světlo a stíny: 2. řada: Sejdeme se na louce","3/20/23"
"Světlo a stíny: 2. řada: Nemám srdce","3/20/23"
"Světlo a stíny: 2. řada: Hlas srdce neposlouchej","3/20/23"
"Světlo a stíny: 2. řada: Každá obludnost","3/20/23"
"Světlo a stíny: 2. řada: Magnetická přitažlivost","3/20/23"
"Světlo a stíny: 2. řada: Rusalye","3/20/23"
"Světlo a stíny: 2. řada: Jediná záchrana jsem já","3/20/23"
"Obchodní návrh: Minisérie: 12. díl","3/15/23"
"Obchodní návrh: Minisérie: 11. díl","3/15/23"
"Obchodní návrh: Minisérie: 10. díl","3/15/23"
"Obchodní návrh: Minisérie: 9. díl","3/13/23"
"Obchodní návrh: Minisérie: 8. díl","3/13/23"
"Obchodní návrh: Minisérie: 7. díl","3/13/23"
"Obchodní návrh: Minisérie: 6. díl","3/13/23"
"Obchodní návrh: Minisérie: 5. díl","3/13/23"
"Obchodní návrh: Minisérie: 4. díl","3/13/23"
"Obchodní návrh: Minisérie: 3. díl","3/13/23"
"Nikdo","3/13/23"
"Hříšný tanec","3/11/23"
"Obchodní návrh: Minisérie: 2. díl","3/10/23"
"Obchodní návrh: Minisérie: 1. díl","3/10/23"
"Control Z: 1. řada: Oslavenkyně","3/8/23"
"Máme tu ducha","3/8/23"
"Deset dnů dobrého muže","3/8/23"
"Světlo a stíny: 1. řada: Žádný slzy","3/8/23"
"Sedm životů","3/6/23"
"Prodloužený víkend","3/6/23"
"Světlo a stíny: 1. řada: Bezmoří","3/6/23"
"Světlo a stíny: 1. řada: Srdce je jako šíp","3/6/23"
"Světlo a stíny: 1. řada: Ukaž mi, co jsi zač","3/6/23"
"Světlo a stíny: 1. řada: Otkazat’sja","3/6/23"
"Světlo a stíny: 1. řada: Stvoření v srdci světa","3/6/23"
"Dvě tváře lásky","3/4/23"
"Zatím spolu, zatím živi","3/4/23"
"Světlo a stíny: 1. řada: Každý může druhému připadat jako netvor","3/3/23"
"Světlo a stíny: 1. řada: Pronikavý výbuch světla","3/3/23"
"Říkejte mi Čihiro","2/27/23"
"Právo podle Lidie Poët: 1. řada: 6. díl","2/27/23"
"Právo podle Lidie Poët: 1. řada: 5. díl","2/27/23"
"Právo podle Lidie Poët: 1. řada: 4. díl","2/24/23"
"Právo podle Lidie Poët: 1. řada: 3. díl","2/24/23"
"Právo podle Lidie Poët: 1. řada: 2. díl","2/24/23"
"Právo podle Lidie Poët: 1. řada: 1. díl","2/24/23"
"Fauda: 4. řada: 5. díl","2/22/23"
"Fauda: 4. řada: 4. díl","2/22/23"
"Fauda: 4. řada: 3. díl","2/22/23"
"Taboo: 8. díl","2/22/23"
"Taboo: 7. díl","2/22/23"
"Alchymie duše: 2. část: 10. díl","2/22/23"
"Alchymie duše: 2. část: 9. díl","2/22/23"
"Taboo: 6. díl","2/20/23"
"Taboo: 5. díl","2/20/23"
"Taboo: 4. díl","2/20/23"
"Bledé modré oko","2/18/23"
"Taboo: 3. díl","2/17/23"
"Taboo: 2. díl","2/16/23"
"Taboo: Lopata a klíče","2/16/23"
"Zítra je taky den: Minisérie: Padlá květina 2","2/16/23"
"Zítra je taky den: Minisérie: Padlá květina 1","2/16/23"
"Nový Karate Kid","2/15/23"
"Interceptor","2/15/23"
"Láska z nenávisti: Vášnivé loučení","2/15/23"
"Láska z nenávisti: Díky tobě jsem to, co jsem","2/15/23"
"Láska z nenávisti: Kvůli tobě se měním","2/15/23"
"Láska z nenávisti: Trigonometrie: Milostný trojúhelník","2/15/23"
"Láska z nenávisti: Femme Fatale vs. Homme Fatale","2/13/23"
"Láska z nenávisti: Láska je jenom experiment, život je naostro","2/13/23"
"Láska z nenávisti: Očekávání klamou","2/13/23"
"Láska z nenávisti: Hodné kluky nechám být a grázlové dostanou lekci","2/13/23"
"Láska z nenávisti: Hajzl","2/13/23"
"Láska z nenávisti: Delikventka","2/13/23"
"Alchymie duše: 2. část: 8. díl","2/13/23"
"Alchymie duše: 2. část: 7. díl","2/13/23"
"Wednesday: 1. řada: Requiem pro krkavce","2/10/23"
"Wednesday: 1. řada: Čert aby se v tobě vyznal","2/10/23"
"Wednesday: 1. řada: Něco za nic","2/10/23"
"Wednesday: 1. řada: Co člověk zasévá, to smrtka sklízí","2/10/23"
"Wednesday: 1. řada: Vedle tebe umírám","2/9/23"
"Wednesday: 1. řada: Přítel, nebo vrah","2/9/23"
"Wednesday: 1. řada: Jako kůl v hřbitovním plotě","2/9/23"
"Wednesday: 1. řada: Prokletá dívka Wednesday","2/9/23"
"Králové Jo’burgu: 1. řada: Vader (Otec)","2/8/23"
"Infiesto","2/8/23"
"Rychle a zběsile 9","2/6/23"
"Jak jsem se stal superhrdinou","2/6/23"
"Vlk viking","2/6/23"
"Alchymie duše: 2. část: 6. díl","2/6/23"
"Alchymie duše: 2. část: 5. díl","2/6/23"
"Původ neznámý","2/6/23"
"Freaks: Jedni z nás","2/2/23"
"LOCKWOOD a spol.: Není to věčnost","1/30/23"
"LOCKWOOD a spol.: Poblázněný","1/30/23"
"LOCKWOOD a spol.: Neptal ses","1/30/23"
"LOCKWOOD a spol.: Smrt se blíží","1/30/23"
"LOCKWOOD a spol.: Výkopy na dobrou noc","1/30/23"
"LOCKWOOD a spol.: Pochybuj, že hvězdy svítí","1/30/23"
"LOCKWOOD a spol.: Nech mě být","1/30/23"
"LOCKWOOD a spol.: Tohle budeme my","1/30/23"
"Alchymie duše: 2. část: 4. díl","1/30/23"
"Alchymie duše: 2. část: 3. díl","1/30/23"
"Šahmaran: 1. řada: Křehká rovnováha","1/26/23"
"Šahmaran: 1. řada: Co říká déšť","1/26/23"
"Bridgertonovi: 2. řada: Vikomt, který mě miloval","1/26/23"
"Bridgertonovi: 2. řada: Harmonie","1/26/23"
"Bridgertonovi: 2. řada: Volba","1/26/23"
"Bridgertonovi: 2. řada: Nepředstavitelný osud","1/26/23"
"Bridgertonovi: 2. řada: Vítězství","1/26/23"
"Bridgertonovi: 2. řada: Brouk v hlavě","1/25/23"
"Bridgertonovi: 2. řada: Na start!","1/25/23"
"Šahmaran: 1. řada: Pozemská muka","1/23/23"
"ČUNG_E","1/23/23"
"Alchymie duše: 2. část: 2. díl","1/23/23"
"Alchymie duše: 2. část: 1. díl","1/23/23"
"Bridgertonovi: 2. řada: Sukničkář s velkým S","1/20/23"
"Bridgertonovi: 1. řada: Po bouři","1/20/23"
"Bridgertonovi: 1. řada: Propastná vzdálenost","1/20/23"
"Bridgertonovi: 1. řada: Šustot sukně","1/20/23"
"Bridgertonovi: 1. řada: Vévoda a já","1/19/23"
"Bridgertonovi: 1. řada: Věc cti","1/19/23"
"Bridgertonovi: 1. řada: Umění mdloby","1/19/23"
"Bridgertonovi: 1. řada: Úžas a potěšení","1/19/23"
"Bridgertonovi: 1. řada: Dokonalý démant","1/19/23"
"Armáda lupičů","1/18/23"
"355","1/18/23"
"Alchymie duše: 1. část: 1. díl","1/16/23"
"Queen Sono: Stav nouze","1/13/23"
"Polar","1/13/23"
"Za čárou","1/13/23"
"Spirála strachu: Saw pokračuje","1/13/23"
"NA NOŽE: GLASS ONION","1/13/23"
"Zátah 2","1/12/23"
"Jakša: Nekompromisní operace","1/11/23"
"Bajka: Zabiják, co nezabíjí","1/11/23"
"Bajka","1/11/23"
"Pěsti ze železa 2","1/9/23"
"Rekrut: 1. řada: K. J. S. O. H.","1/9/23"
"Rekrut: 1. řada: B. T. M. P. S. Š.","1/7/23"
"Rekrut: 1. řada: S. N.","1/6/23"
"Rekrut: 1. řada: M. A. P.","1/6/23"
"Rekrut: 1. řada: J. J. A. C.","1/6/23"
"Rekrut: 1. řada: A. N. C. D.","1/6/23"
"Rekrut: 1. řada: N. N. P. Ž. S. T. S.","1/6/23"
"Rekrut: 1. řada: N. Š. J. P.","1/6/23"
"Živý terč 2","1/5/23"
"Kaleidoskop: Minisérie: Bílá (loupež)","1/4/23"
"Kaleidoskop: Minisérie: Růžová (půl roku po loupeži)","1/4/23"
"Kaleidoskop: Minisérie: Červená (den po loupeži)","1/4/23"
"Kaleidoskop: Minisérie: Oranžová (3 týdny před loupeží)","1/4/23"
"Kaleidoskop: Minisérie: Fialová (24 let před loupeží)","1/4/23"
"Kaleidoskop: Minisérie: Modrá (5 dní před loupeží)","1/4/23"
"Kaleidoskop: Minisérie: Žlutá (6 týdnů před loupeží)","1/4/23"
"Kaleidoskop: Minisérie: Zelená (7 let před loupeží)","1/2/23"
"Kaleidoskop: Minisérie: Černá","1/2/23"
"Alice in Borderland: 2. řada: 8. díl","1/2/23"
"Alice in Borderland: 2. řada: 7. díl","1/2/23"
"Alice in Borderland: 2. řada: 6. díl","1/2/23"
"Alice in Borderland: 2. řada: 5. díl","1/2/23"
"Alice in Borderland: 2. řada: 4. díl","12/31/22"
"Alice in Borderland: 2. řada: 3. díl","12/30/22"
"Alice in Borderland: 2. řada: 2. díl","12/30/22"
"Alice in Borderland: 2. řada: 1. díl","12/30/22"
"Zaklínač: Pokrevní pouto: Minisérie: O magii, mrzkosti a monstrózním zmatku","12/30/22"
"Zaklínač: Pokrevní pouto: Minisérie: O bojovnících, bdění a bájných světech","12/28/22"
"Zaklínač: Pokrevní pouto: Minisérie: O snění, smělosti a skutcích ze zoufalství","12/28/22"
"Zaklínač: Pokrevní pouto: Minisérie: O písních, půtkách a prolévání krve","12/27/22"
"Hell dogs: Bambusový dům","12/19/22"
"4 gauneři","12/19/22"
"Xtreme","12/16/22"
"Kate","12/15/22"
"Pěstní msta","12/15/22"
"Queen Sono: Sladká voda","12/13/22"
"Queen Sono: Zelenáč","12/13/22"
"Queen Sono: Ďáblovy hračky","12/13/22"
"Queen Sono: Umírání bolí","12/12/22"
"Queen Sono: Jsem Queen Sono","12/12/22"
"Rugal: 9. díl","12/6/22"
"Krev a voda: 1. řada: Fiksace","12/6/22"
"Neviditelná Nula: 8. díl","12/6/22"
"Neviditelná Nula: 7. díl","12/5/22"
"Neviditelná Nula: 6. díl","12/5/22"
"Neviditelná Nula: 5. díl","12/5/22"
"Neviditelná Nula: 4. díl","12/5/22"
"Neviditelná Nula: 3. díl","12/5/22"
"Neviditelná Nula: 2. díl","12/5/22"
"Neviditelná Nula: 1. díl","12/5/22"
"Monster Hunter","12/5/22"
"Boj o budoucnost","12/5/22"
"Bright","12/2/22"
"Æon Flux","12/2/22"
"Drive","12/1/22"
"Lovci stínů: Nástroje smrti: 1. řada: Pohár smrti","12/1/22"
"Moje jméno je Vendetta","12/1/22"
"Půlnoční mše: Minisérie: Kniha I: Genesis","11/25/22"
"Policajtky z L.A.: 2. řada: Na vlastní pěst","11/24/22"
"Policajtky z L.A.: 2. řada: Prokletí černé perly","11/24/22"
"Vagabond: 1. díl","11/24/22"
"Zaklínač: 2. řada: Rodina","11/24/22"
"Snivokraj","11/23/22"
"Muž taiči","11/23/22"
"Violence Action","11/23/22"
"Ztracená kulka 2","11/16/22"
"Rugal: 8. díl","11/16/22"
"Rugal: 7. díl","11/16/22"
"Válečná jeptiška: 2. řada: Jeremiáš 29:13","11/16/22"
"Válečná jeptiška: 1. řada: Zjevení 2:10","11/16/22"
"Válečná jeptiška: 1. řada: Žalm 46:5","11/16/22"
"Válečná jeptiška: 2. řada: Žalmy 116:15","11/14/22"
"Válečná jeptiška: 2. řada: Izajáš 40:31","11/14/22"
"Válečná jeptiška: 2. řada: Marek 10:45","11/14/22"
"Válečná jeptiška: 2. řada: List Korintským 10:20–21","11/14/22"
"Válečná jeptiška: 2. řada: Lukáš 8:17","11/14/22"
"Válečná jeptiška: 2. řada: List Koloským 3:9–10","11/14/22"
"Válečná jeptiška: 2. řada: List Galatským 6:4–5","11/14/22"
"Rugal: 6. díl","11/11/22"
"Rugal: 5. díl","11/11/22"
"Rugal: 4. díl","11/11/22"
"Rugal: 3. díl","11/10/22"
"Rugal: 2. díl","11/10/22"
"Rugal: 1. díl","11/10/22"
"Duch zabijáka: 2. díl","11/9/22"
"Duch zabijáka: 1. díl","11/9/22"
"Boj","11/9/22"
"Enola Holmesová 2","11/9/22"
"Half Bad: Parchant s ďáblem v těle: 8. díl","11/7/22"
"Half Bad: Parchant s ďáblem v těle: 7. díl","11/7/22"
"Half Bad: Parchant s ďáblem v těle: 6. díl","11/7/22"
"Half Bad: Parchant s ďáblem v těle: 5. díl","11/7/22"
"Half Bad: Parchant s ďáblem v těle: 4. díl","11/4/22"
"Half Bad: Parchant s ďáblem v těle: 3. díl","11/4/22"
"Half Bad: Parchant s ďáblem v těle: 2. díl","11/4/22"
"Série Divergence: Aliance","10/27/22"
"Pevnost Šanghaj","10/27/22"
"Neohrožení: 5. díl","10/18/22"
"Deník gigola: 3. díl","10/17/22"
"Deník gigola: 2. díl","10/17/22"
"Deník gigola: 1. díl","10/17/22"
"Enderova hra","10/17/22"
"Zpátky z chladu: Vlast","10/17/22"
"Zpátky z chladu: Gideon","10/17/22"
"Zpátky z chladu: Ptáček","10/17/22"
"Zpátky z chladu: Starý kamarád","10/17/22"
"Zpátky z chladu: Rodina","10/17/22"
"DAHMER: Monstrum: Příběh Jeffreyho Dahmera: Neopouštěj mě","10/14/22"
"DAHMER: Monstrum: Příběh Jeffreyho Dahmera: První díl","10/14/22"
"Zpátky z chladu: Vdova","10/14/22"
"Zpátky z chladu: Nevěsta","10/14/22"
"Zpátky z chladu: Co se to tu děje?","10/13/22"
"Café Minamdang: Minisérie: 18. díl","10/13/22"
"Café Minamdang: Minisérie: 17. díl","10/13/22"
"Café Minamdang: Minisérie: 16. díl","10/13/22"
"Café Minamdang: Minisérie: 15. díl","10/13/22"
"Café Minamdang: Minisérie: 14. díl","10/12/22"
"Café Minamdang: Minisérie: 13. díl","10/12/22"
"Café Minamdang: Minisérie: 12. díl","10/12/22"
"Café Minamdang: Minisérie: 11. díl","10/12/22"
"Café Minamdang: Minisérie: 10. díl","10/12/22"
"Café Minamdang: Minisérie: 9. díl","10/12/22"
"Café Minamdang: Minisérie: 8. díl","10/12/22"
"Café Minamdang: Minisérie: 7. díl","10/10/22"
"Café Minamdang: Minisérie: 6. díl","10/10/22"
"Café Minamdang: Minisérie: 5. díl","10/10/22"
"Café Minamdang: Minisérie: 4. díl","10/10/22"
"Café Minamdang: Minisérie: 3. díl","10/7/22"
"Café Minamdang: Minisérie: 2. díl","10/7/22"
"Café Minamdang: Minisérie: 1. díl","10/7/22"
"Princezna Triád: Magické kameny","10/7/22"
"Princezna Triád: Osud","10/4/22"
"Princezna Triád: Dohoda je dohoda","10/4/22"
"Princezna Triád: Tajemství","10/4/22"
"Princezna Triád: Mizera","10/4/22"
"Princezna Triád: Všude samí sloni","10/4/22"
"Aníkúlápó","10/4/22"
"Alchymie duše: 1. část: 20. díl","10/3/22"
"Alchymie duše: 1. část: 19. díl","10/3/22"
"Neohrožení: 4. díl","9/30/22"
"Alice in Borderland: 1. řada: 8. díl","9/29/22"
"Alice in Borderland: 1. řada: 7. díl","9/29/22"
"Alice in Borderland: 1. řada: 6. díl","9/29/22"
"Alice in Borderland: 1. řada: 5. díl","9/29/22"
"Stůj při mně","9/28/22"
"Fullmetal Alchemist – poslední alchymie","9/26/22"
"Alchymie duše: 1. část: 18. díl","9/26/22"
"Alchymie duše: 1. část: 17. díl","9/26/22"
"Alice in Borderland: 1. řada: 4. díl","9/23/22"
"Alice in Borderland: 1. řada: 3. díl","9/23/22"
"Alice in Borderland: 1. řada: 2. díl","9/22/22"
"Alice in Borderland: 1. řada: 1. díl","9/22/22"
"Winx Saga: Osud: 2. řada: Všichni divocí čarodějové","9/22/22"
"Winx Saga: Osud: 2. řada: Ty ubohé duše","9/22/22"
"Winx Saga: Osud: 2. řada: Jsi dobrý, nebo zlý čaroděj?","9/22/22"
"Winx Saga: Osud: 2. řada: Hodina před pádem ďábla","9/22/22"
"Winx Saga: Osud: 2. řada: Náhlý vzestup popularity","9/22/22"
"Winx Saga: Osud: 2. řada: Co odnesl vítr","9/22/22"
"Winx Saga: Osud: 2. řada: Nenápadný panický záchvat","9/22/22"
"Neohrožení: 3. díl","9/19/22"
"Neohrožení: 2. díl","9/19/22"
"Neohrožení: 1. díl","9/19/22"
"Love Between Fairy and Devil: 1. díl","9/16/22"
"Cobra Kai: 1. řada: Cobra Kai neumírá","9/13/22"
"Cobra Kai: 1. řada: Kostlivec","9/13/22"
"Cobra Kai: 1. řada: Udeř první","9/13/22"
"Cobra Kai: 1. řada: Degenerovaný machr","9/13/22"
"Nedokonalí: Zničte všechny nestvůry","9/13/22"
"Nedokonalí: Útok nestvůr","9/13/22"
"Nedokonalí: Zlo, které dobře znáš","9/13/22"
"Nedokonalí: Všelék","9/13/22"
"Nedokonalí: Abyste se nestali nestvůrou","9/13/22"
"Nedokonalí: Musíme zničit Zoe","9/13/22"
"Nedokonalí: Jeden z nás","9/13/22"
"Nedokonalí: Portlandský masakr ve skladu","9/12/22"
"Nedokonalí: Vzkříšený Doug","9/12/22"
"Nedokonalí: Sarkovovy děti","9/12/22"
"Alchymie duše: 1. část: 16. díl","9/12/22"
"Alchymie duše: 1. část: 15. díl","9/12/22"
"Black Lightning: 4. řada: Kniha znovuvzkříšení: 2. kapitola: Zakončení","9/9/22"
"Black Lightning: 4. řada: Kniha znovuvzkříšení: 1. kapitola: Rozcestí","9/9/22"
"Black Lightning: 4. řada: Kniha znovusjednocení: 2. kapitola: Metoda pokusu a omylu","9/9/22"
"Black Lightning: 4. řada: Kniha znovusjednocení: 1. kapitola: Odhalení","9/9/22"
"Black Lightning: 4. řada: Kniha zkázy: 4. kapitola: Lyding","9/9/22"
"Black Lightning: 4. řada: Kniha zkázy: 3. kapitola: Věci se komplikují","9/9/22"
"Black Lightning: 4. řada: Painkiller","9/9/22"
"Black Lightning: 4. řada: Kniha zkázy: 2. kapitola: Théseova loď","9/8/22"
"Black Lightning: 4. řada: Kniha zkázy: 1. kapitola: Zachytávání částic","9/8/22"
"Black Lightning: 4. řada: Kniha rekonstrukce: 4. kapitola: Světlo ve tmě","9/8/22"
"Black Lightning: 4. řada: Kniha rekonstrukce: 3. kapitola: Přes veškerý svůj vztek…","9/8/22"
"Black Lightning: 4. řada: Kniha rekonstrukce: 2. kapitola: Nepřijatelné ztráty","9/8/22"
"Black Lightning: 4. řada: Kniha rekonstrukce: 1. kapitola: Vedlejší škody","9/8/22"
"Black Lightning: 3. řada: Kniha války: 3. kapitola: Osvobození","9/8/22"
"Black Lightning: 3. řada: Kniha války: 2. kapitola: Svoboda není zadarmo","9/8/22"
"Black Lightning: 3. řada: Kniha války: 1. kapitola: Návrat domů","9/8/22"
"Black Lightning: 3. řada: Kniha Markovie: 4. kapitola: Vezmi zbraň","9/8/22"
"Black Lightning: 3. řada: Kniha Markovie: 3. kapitola: Osiřelá identita","9/8/22"
"Black Lightning: 3. řada: Kniha Markovie: 2. kapitola: Lynnina závislost","9/7/22"
"Black Lightning: 3. řada: Kniha Markovie: 1. kapitola: Staronová prokletí a požehnání","9/7/22"
"Black Lightning: 3. řada: Kniha odboje: 4. kapitola: Pozemská krize","9/7/22"
"Black Lightning: 3. řada: Kniha odboje: 3. kapitola: Bitva o Franklin Terrace","9/7/22"
"Black Lightning: 3. řada: Kniha odboje: 2. kapitola: Hendersonovo dílo","9/7/22"
"Black Lightning: 3. řada: Kniha odboje: 1. kapitola: Klepání na nebeskou bránu","9/7/22"
"Black Lightning: 3. řada: Kniha okupace: 5. kapitola: Rekviem za Tavona","9/7/22"
"Bojovníci mezi nebem a zemí","9/7/22"
"Zrodila se legenda","9/5/22"
"Opičí úder","9/5/22"
"Alchymie duše: 1. část: 14. díl","9/5/22"
"Alchymie duše: 1. část: 13. díl","9/5/22"
"Black Lightning: 3. řada: Kniha okupace: 4. kapitola: Lynnin hadí symbol","8/31/22"
"Black Lightning: 3. řada: Kniha okupace: 3. kapitola: Bláhový sen agenta Odella","8/31/22"
"Black Lightning: 3. řada: Kniha okupace: 2. kapitola: Maryamina modlitba","8/31/22"
"Black Lightning: 3. řada: Kniha okupace: 1. kapitola: Zrození Blackbird","8/31/22"
"Black Lightning: 2. řada: Kniha apokalypsy: 2. kapitola: Omega","8/31/22"
"Black Lightning: 2. řada: Kniha apokalypsy: 1. kapitola: Alfa","8/31/22"
"Black Lightning: 2. řada: Kniha tajemství: 4. kapitola: Prvotní hřích","8/31/22"
"Fullmetal Alchemist – pomsta Scara","8/31/22"
"Alchymie duše: 1. část: 12. díl","8/30/22"
"Alchymie duše: 1. část: 11. díl","8/30/22"
"Alchymie duše: 1. část: 10. díl","8/30/22"
"Alchymie duše: 1. část: 9. díl","8/30/22"
"Alchymie duše: 1. část: 8. díl","8/30/22"
"Black Lightning: 2. řada: Kniha tajemství: 3. kapitola: Ohnivý pilíř","8/21/22"
"Black Lightning: 2. řada: Kniha tajemství: 2. kapitola: Spravedliví i nespravedliví","8/21/22"
"Black Lightning: 2. řada: Kniha tajemství: 1. kapitola: Marnotratný syn","8/18/22"
"Black Lightning: 2. řada: Kniha vzpoury: 3. kapitola: Černí andílci","8/18/22"
"Black Lightning: 2. řada: Kniha vzpoury: 2. kapitola: Dary mudrců","8/18/22"
"Black Lightning: 2. řada: Kniha vzpoury: 1. kapitola: Exodus","8/18/22"
"Black Lightning: 2. řada: Kniha krve: 3. kapitola: Sangové","8/18/22"
"Black Lightning: 2. řada: Kniha krve: 2. kapitola: Perdiové","8/17/22"
"Black Lightning: 2. řada: Kniha krve: 1. kapitola: Rekviem","8/17/22"
"Black Lightning: 2. řada: Kniha následků: 4. kapitola: Průsvitná příšera","8/17/22"
"Black Lightning: 2. řada: Kniha následků: 3. kapitola: Ředitel Lowry","8/17/22"
"Black Lightning: 2. řada: Kniha následků: 2. kapitola: Trápení Černého Ježíše","8/17/22"
"Black Lightning: 2. řada: Kniha následků: 1. kapitola: Vzestup dětí Zeleného světla","8/17/22"
"Black Lightning: Stín smrti: Kniha války","8/17/22"
"Black Lightning: Vzkříšení a světlo: Kniha bolesti","8/17/22"
"Black Lightning: Černý Ježíš: Kniha ukřižování","8/17/22"
"Black Lightning: Hříchy otce: Kniha vykoupení","8/15/22"
"Black Lightning: Kniha malých temných lží","8/15/22"
"Black Lightning: Kniha zjevení","8/15/22"
"Black Lightning: Rovnodennost: Kniha osudu","8/15/22"
"Black Lightning: Tři sedmy: Kniha hromu","8/15/22"
"Black Lightning: A pak ďábel seslal mor: Kniha zeleného světla","8/15/22"
"Alchymie duše: 1. část: 7. díl","8/15/22"
"Black Lightning: Černý Ježíš","8/12/22"
"Black Lightning: LaWanda: Kniha pohřbů","8/12/22"
"Black Lightning: LaWanda: Kniha naděje","8/12/22"
"Black Lightning: Zmrtvýchvstání","8/12/22"
"Střelec v ohrožení","8/12/22"
"Carter","8/11/22"
"Sandman: 1. řada: Nedokonalí hostitelé","8/10/22"
"Sandman: 1. řada: Spánek spravedlivých","8/10/22"
"Arthdalská kronika: 16. díl","8/10/22"
"Zámek a klíč: 2. řada: Nezapomeň na mě","8/10/22"
"Arthdalská kronika: 18. díl","8/10/22"
"Arthdalská kronika: 17. díl","8/10/22"
"Arthdalská kronika: 15. díl","8/9/22"
"Arthdalská kronika: 14. díl","8/9/22"
"Arthdalská kronika: 13. díl","8/9/22"
"Alchymie duše: 1. část: 6. díl","8/9/22"
"Alchymie duše: 1. část: 5. díl","8/9/22"
"Arthdalská kronika: 12. díl","8/5/22"
"Arthdalská kronika: 11. díl","8/5/22"
"Arthdalská kronika: 10. díl","8/5/22"
"Arthdalská kronika: 9. díl","8/5/22"
"Arthdalská kronika: 8. díl","8/5/22"
"Arthdalská kronika: 7. díl","8/4/22"
"Arthdalská kronika: 6. díl","8/4/22"
"Arthdalská kronika: 5. díl","8/4/22"
"Marco Polo: 2. řada: Společenstvo","8/3/22"
"Marco Polo: 2. řada: Dědicové","8/3/22"
"Marco Polo: 2. řada: Bílý kůň","8/3/22"
"Marco Polo: 2. řada: Ztracený ptáček","8/3/22"
"Marco Polo: 2. řada: Hadí podmínky","8/3/22"
"Marco Polo: 2. řada: Ukolébavka","8/3/22"
"Marco Polo: 2. řada: Nechť započne práce boží","8/3/22"
"Marco Polo: 2. řada: Opatření proti páce","8/3/22"
"Marco Polo: 2. řada: Objetí","8/3/22"
"Marco Polo: 2. řada: Sobolí tkadlec a lovec","8/3/22"
"Marco Polo: 1. řada: V nebeském právu","8/2/22"
"Marco Polo: 1. řada: Uvěznění","8/2/22"
"Marco Polo: 1. řada: Bod zlomu","8/2/22"
"Marco Polo: 1. řada: Učencovo pero","8/2/22"
"Marco Polo: 1. řada: Bílý měsíc","8/2/22"
"Marco Polo: 1. řada: Hašašín","8/2/22"
"Alchymie duše: 1. část: 4. díl","8/2/22"
"Alchymie duše: 1. část: 3. díl","8/2/22"
"Arthdalská kronika: 4. díl","7/27/22"
"Arthdalská kronika: 3. díl","7/27/22"
"Arthdalská kronika: 2. díl","7/27/22"
"Arthdalská kronika: 1. díl","7/27/22"
"Alchymie duše: 1. část: 2. díl","7/27/22"
"Marco Polo: 1. řada: Čtvrtý krok","7/25/22"
"Marco Polo: 1. řada: Hostina","7/25/22"
"Marco Polo: 1. řada: Vlk a jelen","7/25/22"
"Marco Polo: 1. řada: Poutník","7/25/22"
"Oats Studios: Vaření s Billem: Damasu / PrestoVeg / Smoothie / Sushi","7/25/22"
"Oats Studios: Základna","7/25/22"
"Oats Studios: Rakka","7/25/22"
"Frontier: V kůži nepřítele: 3. řada: Otcovy viny","7/25/22"
"Frontier: V kůži nepřítele: 3. řada: Chrám Páně","7/25/22"
"Frontier: V kůži nepřítele: 3. řada: Všichni za všechny a nikdo za jednoho","7/25/22"
"Frontier: V kůži nepřítele: 3. řada: Satanazes","7/25/22"
"Frontier: V kůži nepřítele: 3. řada: La Fin Du Monde","7/25/22"
"Frontier: V kůži nepřítele: 3. řada: Účel světí prostředky","7/22/22"
"Frontier: V kůži nepřítele: 2. řada: Keetom Takooteeoo Maheekun (Vlkův návrat)","7/22/22"
"Frontier: V kůži nepřítele: 2. řada: Dělová koule","7/22/22"
"Frontier: V kůži nepřítele: 2. řada: Vzpoura","7/22/22"
"Frontier: V kůži nepřítele: 2. řada: Vlk a medvěd","7/22/22"
"Barbaři: Vlk a orel","7/22/22"
"Frontier: V kůži nepřítele: 2. řada: Hledaný","7/22/22"
"Frontier: V kůži nepřítele: 2. řada: Navigace výpočtem","7/22/22"
"Frontier: V kůži nepřítele: 1. řada: Šibenice","7/21/22"
"Frontier: V kůži nepřítele: 1. řada: Učedník","7/21/22"
"Frontier: V kůži nepřítele: 1. řada: Vlci","7/21/22"
"Frontier: V kůži nepřítele: 1. řada: Mushkegowuk Esquewu","7/21/22"
"Frontier: V kůži nepřítele: 1. řada: Bratrská potyčka","7/21/22"
"Frontier: V kůži nepřítele: 1. řada: Nový svět","7/21/22"
"Potulný samuraj Kenšin: Konec","7/20/22"
"Vyvolená: Slyšely jste to?","7/20/22"
"Evropské kmeny: 6. kapitola","7/20/22"
"Evropské kmeny: 5. kapitola","7/20/22"
"Evropské kmeny: 4. kapitola","7/20/22"
"Evropské kmeny: 3. kapitola","7/20/22"
"Evropské kmeny: 2. kapitola","7/20/22"
"Evropské kmeny: 1. kapitola","7/20/22"
"Příliv sirén: Domov","7/20/22"
"Lupin: 2. část: 10. kapitola","7/19/22"
"Lupin: 2. část: 9. kapitola","7/19/22"
"Lupin: 2. část: 8. kapitola","7/19/22"
"Lupin: 2. část: 7. kapitola","7/19/22"
"Lupin: 2. část: 6. kapitola","7/19/22"
"Lupin: 1. část: 5. kapitola","7/19/22"
"Lupin: 1. část: 4. kapitola","7/19/22"
"Lupin: 1. část: 3. kapitola","7/19/22"
"Lupin: 1. část: 2. kapitola","7/19/22"
"Lupin: 1. část: 1. kapitola","7/19/22"
"Příliv sirén: Královnin nůž","7/18/22"
"Příliv sirén: Proroctví","7/18/22"
"Resident Evil: Lék: Odhalení","7/16/22"
"Resident Evil: Lék: Parazit","7/16/22"
"Resident Evil: Lék: Něčí malá holčička","7/16/22"
"Resident Evil: Lék: Domácí videa","7/16/22"
"Resident Evil: Lék: Proměna","7/16/22"
"Resident Evil: Lék: Světlo","7/16/22"
"Resident Evil: Lék: Ďábel, kterého znáš","7/16/22"
"Resident Evil: Lék: Vítejte v New Raccoon City","7/16/22"
"Příliv sirén: Oddanost","7/11/22"
"Příliv sirén: Poslání","7/11/22"
"Příliv sirén: Lidem nevěř","7/11/22"
"Příliv sirén: Nejsem jedna z vás","7/11/22"
"Příliv sirén: Sirotci v L'Attente","7/11/22"
"Sisyfos: Mýtus: 2. díl","7/11/22"
"Sisyfos: Mýtus: 1. díl","7/7/22"
"Bulgasal: Nesmrtelní: Minisérie: 2. díl","7/7/22"
"Bulgasal: Nesmrtelní: Minisérie: 1. díl","7/7/22"
"Noční zuby","7/7/22"
"První krev: První pusa","7/7/22"
"První krev: První zrada","7/4/22"
"První krev: První rozloučení","7/4/22"
"První krev: První odloučení","7/4/22"
"První krev: První láska","7/4/22"
"První krev: První rande","7/4/22"
"První krev: První bitva","7/4/22"
"První krev: První krev","6/30/22"
"Uzdravení: 1. řada: Misionáři smrti","6/30/22"
"Lepší než my: 16. díl","6/30/22"
"Lepší než my: 15. díl","6/30/22"
"Lepší než my: 14. díl","6/30/22"
"Lepší než my: 13. díl","6/30/22"
"Lepší než my: 12. díl","6/30/22"
"Lepší než my: 11. díl","6/30/22"
"Lepší než my: 10. díl","6/30/22"
"Lepší než my: 9. díl","6/30/22"
"Lepší než my: 8. díl","6/30/22"
"Lepší než my: 7. díl","6/30/22"
"Lepší než my: 6. díl","6/30/22"
"Lepší než my: 5. díl","6/29/22"
"Lepší než my: 4. díl","6/29/22"
"Lepší než my: 3. díl","6/29/22"
"Cestovatelé: 3. řada: Protokol Omega","6/29/22"
"Cestovatelé: 3. řada: David","6/27/22"
"Cestovatelé: 3. řada: Archiv","6/27/22"
"Cestovatelé: 3. řada: Trevor","6/27/22"
"Cestovatelé: 3. řada: Philip","6/27/22"
"Cestovatelé: 3. řada: Naomi","6/27/22"
"Ragnarök – Konec světa: 1. řada: Nový kluk","6/25/22"
"Cestovatelé: 3. řada: Perrowová","6/24/22"
"Cestovatelé: 3. řada: Protokol 3","6/24/22"
"Cestovatelé: 3. řada: Yatesová","6/24/22"
"Cestovatelé: 3. řada: Ilsa","6/24/22"
"Cestovatelé: 2. řada: 001","6/23/22"
"Cestovatelé: 2. řada: Simon","6/23/22"
"Cestovatelé: 2. řada: 21C","6/23/22"
"Cestovatelé: 2. řada: Aktualizace","6/23/22"
"Cestovatelé: 2. řada: Cestovatel 0027","6/23/22"
"Cestovatelé: 2. řada: 17 minut","6/23/22"
"Cestovatelé: 2. řada: Uran-235","6/22/22"
"Cestovatelé: 2. řada: Jenny","6/22/22"
"Cestovatelé: 2. řada: 11:27","6/22/22"
"Cestovatelé: 2. řada: Jacob","6/22/22"
"Cestovatelé: 2. řada: PROTOKOL 4","6/22/22"
"Cestovatelé: 2. řada: Ave Machina","6/21/22"
"Cestovatelé: 1. řada: Grace","6/21/22"
"Cestovatelé: 1. řada: Marcy","6/21/22"
"Hněv Boží","6/17/22"
"Stranger Things: Stranger Things 4: Kapitola sedmá: Masakr v laboratoři","6/17/22"
"Stranger Things: Stranger Things 4: Kapitola šestá: Do hloubky","6/17/22"
"Stranger Things: Stranger Things 4: Kapitola pátá: Projekt Nina","6/16/22"
"Stranger Things: Stranger Things 4: Kapitola čtvrtá: Drahý Billy","6/16/22"
"Stranger Things: Stranger Things 4: Kapitola třetí: Monstrum a superhrdina","6/16/22"
"Stranger Things: Stranger Things 4: Kapitola druhá: Vecnova kletba","6/16/22"
"Stranger Things: Stranger Things 4: Kapitola první: Klub Hellfire","6/16/22"
"Stranger Things: Stranger Things 3: Kapitola osmá: Bitva u Starcourtu","6/15/22"
"Stranger Things: Stranger Things 3: Kapitola sedmá: Kousnutí","6/15/22"
"Stranger Things: Stranger Things 3: Kapitola šestá: E Pluribus Unum","6/15/22"
"Stranger Things: Stranger Things 3: Kapitola pátá: Armáda","6/14/22"
"Stranger Things: Stranger Things 3: Kapitola čtvrtá: Test saunou","6/14/22"
"Stranger Things: Stranger Things 3: Kapitola třetí: Případ zmizelé plavčice","6/14/22"
"Stranger Things: Stranger Things 3: Kapitola druhá: Krysy z obchoďáku","6/14/22"
"Stranger Things: Stranger Things 3: Kapitola první: Suzie, slyšíme se?","6/10/22"
"Stranger Things: Stranger Things 2: Kapitola devátá: Brána","6/10/22"
"Stranger Things: Stranger Things 2: Kapitola osmá: Ovladač mysli","6/10/22"
"Stranger Things: Stranger Things 2: Kapitola sedmá: Ztracená sestra","6/10/22"
"Stranger Things: Stranger Things 2: Kapitola šestá: Špeh","6/9/22"
"Stranger Things: Stranger Things 2: Kapitola pátá: Dig Dug","6/9/22"
"Stranger Things: Stranger Things 2: Kapitola čtvrtá: Mudrc Will","6/9/22"
"Stranger Things: Stranger Things 2: Kapitola třetí: Pulec","6/9/22"
"Stranger Things: Stranger Things 2: Kapitola druhá: Koledu, ty exote","6/9/22"
"Stranger Things: Stranger Things 2: Kapitola první: Šílená Max","6/9/22"
"Stranger Things: Kapitola osmá: Vzhůru nohama","6/9/22"
"Stranger Things: Kapitola sedmá: Vana","6/8/22"
"Stranger Things: Kapitola šestá: Příšera","6/8/22"
"Stranger Things: Kapitola pátá: Blecha a akrobat","6/8/22"
"Stranger Things: Kapitola čtvrtá: Tělo","6/7/22"
"Stranger Things: Kapitola třetí: Šťastné a veselé","6/7/22"
"Stranger Things: Kapitola druhá: Pošuk na Maple Street","6/7/22"
"Stranger Things: Kapitola první: Zmizení Willa Byerse","6/7/22"
"Cestovatelé: 1. řada: Kathryn","6/2/22"
"Cestovatelé: 1. řada: Bishop","6/2/22"
"Cestovatelé: 1. řada: Donner","6/2/22"
"Cestovatelé: 1. řada: Protokol 5","6/2/22"
"Cestovatelé: 1. řada: Helios 685","6/2/22"
"Cestovatelé: 1. řada: Pokoj 101","6/1/22"
"Cestovatelé: 1. řada: Hall","6/1/22"
"Cestovatelé: 1. řada: Aleksander","5/31/22"
"Cestovatelé: 1. řada: Protokol 6","5/31/22"
"Cestovatelé: 1. řada: Pilotní díl","5/31/22"
"Jiný život: 2. řada: Den D","5/31/22"
"Jiný život: 2. řada: Něco pokračuje, něco končí","5/31/22"
"Jiný život: 2. řada: Jako krysa v kleci","5/26/22"
"Jiný život: 2. řada: Nikdy tě neopustím","5/26/22"
"Jiný život: 2. řada: Dar od bohů","5/26/22"
"Jiný život: 2. řada: Lepší svět","5/26/22"
"Jiný život: 2. řada: Odhodlání a síla","5/26/22"
"Jiný život: 2. řada: Můj největší nepřítel","5/26/22"
"Jiný život: 2. řada: Klam a zmatek","5/26/22"
"Jiný život: 2. řada: Přežít a bojovat dál","5/26/22"
"Jiný život: 1. řada: Ahoj","5/26/22"
"Jiný život: 1. řada: Srdce a duše","5/24/22"
"Jiný život: 1. řada: Jak mizí světlo","5/24/22"
"Jiný život: 1. řada: Žít svůj sen","5/24/22"
"Jiný život: 1. řada: Myslím, že jsme sami","5/24/22"
"Jiný život: 1. řada: Mysl jako taková","5/24/22"
"Jiný život: 1. řada: Smyčka provinění","5/24/22"
"Jiný život: 1. řada: Nervové zhroucení","5/24/22"
"Jiný život: 1. řada: Údolím stínů","5/24/22"
"Jiný život: 1. řada: Napříč vesmírem","5/24/22"
"V Wars: Zkrvaven, ale nepokořen","5/19/22"
"V Wars: Trip genu predátora","5/19/22"
"V Wars: Rudý déšť","5/19/22"
"V Wars: Noc zbytky světla stírá","5/19/22"
"V Wars: Nestačí jen prodlévat ve snách","5/19/22"
"V Wars: Holá a studená zem","5/19/22"
"V Wars: Drsňák jako já","5/18/22"
"V Wars: Když nešlo Smrti zastavit","5/18/22"
"V Wars: Pokrevní bratři","5/18/22"
"V Wars: Zasažení","5/18/22"
"Winx Saga: Osud: 1. řada: Fanatické srdce","5/18/22"
"Winx Saga: Osud: 1. řada: Prosoužit se k pravdě","5/18/22"
"Winx Saga: Osud: 1. řada: Polámaný anděl","5/18/22"
"Winx Saga: Osud: 1. řada: Nadějné vyhlídky smrtelníků","5/18/22"
"Winx Saga: Osud: 1. řada: Všichni se tady známe","5/18/22"
"Winx Saga: Osud: 1. řada: K vodě a do divočiny","5/18/22"
"Vyvolená: Mysli na královnu Markétu","5/18/22"
"Vyvolená: Meteority jsou ze skla, to je hustý!","5/18/22"
"Neviditelný","5/18/22"
"Van Helsing: 1. řada: Zůstaň uvnitř","5/18/22"
"Eden vás vítá: 1. řada: Hodnocení","5/10/22"
"Eden vás vítá: 1. řada: Výlet tvého života","5/10/22"
"Diablero: 2. řada: Černý klíč","5/10/22"
"Diablero: 2. řada: Rodinu si nevybíráš","5/10/22"
"Diablero: 2. řada: Coatlicue","5/10/22"
"Diablero: 2. řada: Slzy ďábla","5/10/22"
"Diablero: 2. řada: Ahuizotl","5/10/22"
"Diablero: 2. řada: Pátrání po Venturovi","5/10/22"
"Diablero: 1. řada: Rudá obloha","5/9/22"
"Diablero: 1. řada: Čtyři hroby","5/9/22"
"Diablero: 1. řada: Diablerka","5/9/22"
"Diablero: 1. řada: Konkláve","5/9/22"
"Diablero: 1. řada: Tajuplné zaříkadlo","5/9/22"
"Diablero: 1. řada: Skryté děti","5/9/22"
"Diablero: 1. řada: Psí noha, slepičí srdce","5/9/22"
"Diablero: 1. řada: Démoni jsou mezi námi","5/9/22"
"Valerian a město tisíce planet","5/5/22"
"Umbrella Academy: 2. řada: Něco končí","5/5/22"
"Umbrella Academy: 2. řada: 743","5/5/22"
"Umbrella Academy: 2. řada: Sedm stádií","5/5/22"
"Umbrella Academy: 2. řada: Oga Foroga","5/3/22"
"Umbrella Academy: 2. řada: Lehčí večeře","5/3/22"
"Umbrella Academy: 2. řada: Valhalla","5/3/22"
"Umbrella Academy: 2. řada: Majestic 12","5/3/22"
"Umbrella Academy: 2. řada: Švédi","4/28/22"
"Umbrella Academy: 2. řada: Frankelovy záběry","4/28/22"
"Umbrella Academy: 2. řada: Zpátky na začátku","4/28/22"
"Umbrella Academy: 1. řada: Bílé Housle","4/28/22"
"Umbrella Academy: 1. řada: Změny","4/28/22"
"Umbrella Academy: 1. řada: Zaslechla jsem zvěst","4/27/22"
"Umbrella Academy: 1. řada: Den, který byl","4/27/22"
"Umbrella Academy: 1. řada: Den, který nebyl","4/27/22"
"Umbrella Academy: 1. řada: Číslo Pět","4/26/22"
"Umbrella Academy: 1. řada: Muž na Měsíci","4/26/22"
"Umbrella Academy: 1. řada: (Ne)obyčejná","4/22/22"
"Umbrella Academy: 1. řada: Zdrhej, chlapče!","4/22/22"
"Umbrella Academy: 1. řada: Vídáme se jen na svatbách a funusech","4/22/22"
"Dar: 3. řada: 1. díl","4/21/22"
"Dar: 2. řada: 8. díl","4/21/22"
"Dar: 2. řada: 7. díl","4/21/22"
"Dar: 2. řada: 6. díl","4/19/22"
"Dar: 2. řada: 5. díl","4/19/22"
"Dar: 2. řada: 4. díl","4/19/22"
"Dar: 2. řada: 3. díl","4/19/22"
"Dar: 2. řada: 2. díl","4/19/22"
"Dar: 2. řada: 1. díl","4/19/22"
"Dar: 1. řada: 8. díl","4/19/22"
"Dar: 1. řada: 7. díl","4/19/22"
"Dar: 1. řada: 6. díl","4/19/22"
"Dar: 1. řada: 5. díl","4/19/22"
"Dar: 1. řada: 4. díl","4/19/22"
"Dar: 1. řada: 3. díl","4/19/22"
"Temný krystal: Věk vzdoru: Konec, začátek, to je jedno","4/19/22"
"Zámek a klíč: 2. řada: Malý svět","4/14/22"
"Zámek a klíč: 2. řada: Hlava a srdce","4/14/22"
"Zámek a klíč: 2. řada: Premiéra","4/14/22"
"Zámek a klíč: 1. řada: Koruna stínů","4/14/22"
"Zámek a klíč: 1. řada: Ozvěny","4/14/22"
"Zámek a klíč: 1. řada: Kousek zas**ného sluníčka","4/14/22"
"Zámek a klíč: 1. řada: Pitva","4/14/22"
"Zámek a klíč: 1. řada: Černé dveře","4/14/22"
"Zámek a klíč: 1. řada: Rodokmen","4/14/22"
"Zámek a klíč: 1. řada: Pánové klíčů","4/14/22"
"Zámek a klíč: 1. řada: Hrátky v hlavě","4/14/22"
"Zámek a klíč: 1. řada: Léčka","4/14/22"
"Zámek a klíč: 1. řada: Vítejte v Mathesonu","4/14/22"
"Feria: Nejtemnější svit: Osamělý král","4/14/22"
"Feria: Nejtemnější svit: Zjevení Pablovo","4/14/22"
"Feria: Nejtemnější svit: Krvavá Feria","4/14/22"
"Feria: Nejtemnější svit: Bůh ohně","4/14/22"
"Feria: Nejtemnější svit: Svatyně","4/14/22"
"Feria: Nejtemnější svit: Oběť","4/14/22"
"Dar: 1. řada: 2. díl","4/14/22"
"Dar: 1. řada: 1. díl","4/14/22"
"Ochránce: 4. řada: 7. díl","4/13/22"
"Ochránce: 4. řada: 6. díl","4/13/22"
"Ochránce: 4. řada: 5. díl","4/13/22"
"Ochránce: 4. řada: 4. díl","4/13/22"
"Ochránce: 4. řada: 3. díl","4/13/22"
"Ochránce: 4. řada: 2. díl","4/13/22"
"Ochránce: 4. řada: 1. díl","4/13/22"
"Ochránce: 3. řada: 7. díl","4/13/22"
"Ochránce: 3. řada: 6. díl","4/13/22"
"Ochránce: 3. řada: 5. díl","4/13/22"
"Ochránce: 3. řada: 4. díl","4/13/22"
"Ochránce: 3. řada: 3. díl","4/13/22"
"Ochránce: 3. řada: 2. díl","4/11/22"
"Ochránce: 3. řada: 1. díl","4/11/22"
"Ochránce: 2. řada: 8. díl","4/11/22"
"Ochránce: 2. řada: 7. díl","4/11/22"
"Ochránce: 2. řada: 6. díl","4/11/22"
"Ochránce: 2. řada: 5. díl","4/11/22"
"Ochránce: 2. řada: 4. díl","4/11/22"
"Ochránce: 2. řada: 3. díl","4/11/22"
"Ochránce: 2. řada: 2. díl","4/11/22"
"Ochránce: 2. řada: 1. díl","4/10/22"
"Ochránce: 1. řada: 10. díl","4/10/22"
"Ochránce: 1. řada: 9. díl","4/8/22"
"Ochránce: 1. řada: 8. díl","4/8/22"
"Ochránce: 1. řada: 7. díl","4/8/22"
"Ochránce: 1. řada: 6. díl","4/8/22"
"Ochránce: 1. řada: 5. díl","4/8/22"
"Ochránce: 1. řada: 4. díl","4/8/22"
"Upíři: Středoškolačka jako každá jiná","4/8/22"
"Nesmrtelní: 8. díl","4/4/22"
"Nesmrtelní: 7. díl","4/4/22"
"Nesmrtelní: 6. díl","4/4/22"
"Nesmrtelní: 5. díl","4/4/22"
"Nesmrtelní: 4. díl","4/4/22"
"Nesmrtelní: 3. díl","4/4/22"
"Nesmrtelní: 2. díl","4/4/22"
"Nesmrtelní: 1. díl","4/4/22"
"Ochránce: 1. řada: 3. díl","3/31/22"
"Ochránce: 1. řada: 2. díl","3/31/22"
"Feria: Nejtemnější svit: Babylon","3/31/22"
"Feria: Nejtemnější svit: Rudé jezero","3/31/22"
"Úřad kouzelnických záležitostí: 1. řada: Konec cesty 2","3/30/22"
"Úřad kouzelnických záležitostí: 1. řada: Konec cesty 1","3/30/22"
"Úřad kouzelnických záležitostí: 1. řada: Pronásledování","3/30/22"
"Úřad kouzelnických záležitostí: 1. řada: Obvinění","3/30/22"
"Úřad kouzelnických záležitostí: 1. řada: Cena","3/30/22"
"Úřad kouzelnických záležitostí: 1. řada: Soudný den","3/30/22"
"Úřad kouzelnických záležitostí: 1. řada: Horovo oko","3/30/22"
"Úřad kouzelnických záležitostí: 1. řada: Síly přitažlivosti","3/30/22"
"Úřad kouzelnických záležitostí: 1. řada: 13. ulička","3/30/22"
"Úřad kouzelnických záležitostí: 1. řada: Pohádka","3/30/22"
"Úřad kouzelnických záležitostí: 1. řada: Neznámé území","3/30/22"
"Úřad kouzelnických záležitostí: 1. řada: Na pláži","3/30/22"
"Úřad kouzelnických záležitostí: 1. řada: Zkratka","3/30/22"
"Úřad kouzelnických záležitostí: 1. řada: Víla dne","3/30/22"
"Úřad kouzelnických záležitostí: 1. řada: Zkouška","3/30/22"
"Úřad kouzelnických záležitostí: 1. řada: Rytíř na útěku","3/30/22"
"Úřad kouzelnických záležitostí: 1. řada: Hledá se pes","3/30/22"
"Úřad kouzelnických záležitostí: 1. řada: Celý svět je jeviště","3/30/22"
"Úřad kouzelnických záležitostí: 1. řada: Svět plný kouzel","3/24/22"
"Úřad kouzelnických záležitostí: 1. řada: Magická nehoda","3/24/22"
"Titans: 3. řada: Fialový déšť","3/22/22"
"Titans: 3. řada: Marnotratník","3/22/22"
"Titans: 3. řada: Volání přichází zevnitř","3/22/22"
"Titans: 3. řada: Rozbouřené vody","3/22/22"
"Titans: 3. řada: Duše","3/22/22"
"Titans: 3. řada: Domov","3/18/22"
"Titans: 3. řada: 51 %","3/18/22"
"Titans: 3. řada: Lady Vic","3/18/22"
"Titans: 3. řada: Lazarus","3/18/22"
"Titans: 3. řada: Blackfire","3/18/22"
"Titans: 3. řada: Hank a Dove","3/18/22"
"Titans: 3. řada: Red Hood","3/18/22"
"Titans: 3. řada: Barbara Gordonová","3/18/22"
"Titans: 2. řada: Nightwing","3/16/22"
"Titans: 2. řada: Faux-Hawk","3/16/22"
"Titans: 2. řada: E.L._.O.","3/16/22"
"Titans: 2. řada: Padlí","3/16/22"
"Titans: 2. řada: Pokání","3/16/22"
"Titans: 2. řada: Jericho","3/16/22"
"Titans: 2. řada: Bruce Wayne","3/16/22"
"Titans: 2. řada: Conner","3/16/22"
"Titans: 2. řada: Deathstroke","3/16/22"
"Titans: 2. řada: Aqualad","3/16/22"
"Titans: 2. řada: Duchové","3/16/22"
"Titans: 2. řada: Rose","3/16/22"
"Titans: 2. řada: Trigon","3/16/22"
"Titans: 1. řada: Dick Grayson","3/16/22"
"Titans: 1. řada: Koriand‘r","3/16/22"
"Titans: 1. řada: Hank a Dawn","3/16/22"
"Titans: 1. řada: Donna Troyová","3/16/22"
"Titans: 1. řada: Ústav","3/16/22"
"Titans: 1. řada: Jason Todd","3/15/22"
"Titans: 1. řada: Spolu","3/15/22"
"Titans: 1. řada: Doom Patrol","3/15/22"
"Titans: 1. řada: Počátky","3/15/22"
"Titans: 1. řada: Hawk a Dove","3/15/22"
"Titans: 1. řada: Titáni","3/15/22"
"October Faction: October Faction","3/14/22"
"October Faction: Pokrevní pouto","3/14/22"
"October Faction: Alice","3/14/22"
"October Faction: Nadir","3/14/22"
"October Faction: Otevři oči","3/14/22"
"October Faction: Pravda a čin","3/14/22"
"October Faction: Večírky budoucí minulosti","3/14/22"
"October Faction: Děs z hlubin času","3/14/22"
"October Faction: Tahle země není pro starý upíry","3/14/22"
"October Faction: Pevnost","3/14/22"
"Van Helsing: 1. řada: Vidím tě","3/10/22"
"Van Helsing: 1. řada: Pomoz mi","3/10/22"
"Fantastická výchova: 2. řada: ČÁST 208: Kdo vlastně jsi","3/10/22"
"Fantastická výchova: 2. řada: ČÁST 207: Svět bez mámy","3/10/22"
"Fantastická výchova: 2. řada: ČÁST 206: 36 dobrých hodin","3/7/22"
"Fantastická výchova: 2. řada: ČÁST 205: Mezi mnou a tebou","3/7/22"
"Fantastická výchova: 2. řada: ČÁST 204: Co je tohle za kámoše","3/7/22"
"Fantastická výchova: 2. řada: ČÁST 203: Obludný problém","3/7/22"
"Fantastická výchova: 2. řada: ČÁST 202: Sankofa","3/7/22"
"Fantastická výchova: 2. řada: ČÁST 201: Návrat hrdiny","3/7/22"
"Fantastická výchova: 1. řada: ČÁST 109: Bouřlivák","3/7/22"
"Fantastická výchova: 1. řada: ČÁST 108: Nebude se ti líbil, až se naštve","3/7/22"
"Fantastická výchova: 1. řada: ČÁST 107: Proč to zvracení?","3/7/22"
"Fantastická výchova: 1. řada: ČÁST 106: Superkámoši","3/7/22"
"Fantastická výchova: 1. řada: ČÁST 105: Markova budoucí minulost","3/7/22"
"Fantastická výchova: 1. řada: ČÁST 104: Vítejte v BIONĚ. Přežijí jen ti nejsilnější","3/7/22"
"Fantastická výchova: 1. řada: ČÁST 103: Strážcovské hodinky","3/7/22"
"Fantastická výchova: 1. řada: ČÁST 102: Pevnost osamění","3/7/22"
"Fantastická výchova: 1. řada: ČÁST 101: Jak vychovávat superhrdinu?","3/7/22"
"Nové opičí legendy: 1. řada: Cesta začíná","3/4/22"
"Nové opičí legendy: 1. řada: Kraj světa","3/4/22"
"Nové opičí legendy: 1. řada: Naděje nesmí zemřít","3/4/22"
"Čarodějnice navždy: 2. řada: Nemožné","3/4/22"
"Čarodějnice navždy: 2. řada: Poslední přání","3/4/22"
"Čarodějnice navždy: 2. řada: Ze studentky učitelka","3/4/22"
"Čarodějnice navždy: 2. řada: Časová průrva","3/4/22"
"Čarodějnice navždy: 2. řada: Pan Hyde","3/4/22"
"Čarodějnice navždy: 2. řada: Antares","3/4/22"
"Čarodějnice navždy: 2. řada: Pijavice","3/3/22"
"Čarodějnice navždy: 2. řada: Někdo jako já","3/3/22"
"Čarodějnice navždy: 1. řada: Poslední cesta","3/3/22"
"Čarodějnice navždy: 1. řada: Časový portál","3/3/22"
"Čarodějnice navždy: 1. řada: 1646","3/3/22"
"Čarodějnice navždy: 1. řada: Lucien","3/2/22"
"Čarodějnice navždy: 1. řada: Rituál zapomínání","3/2/22"
"Čarodějnice navždy: 1. řada: Svátek Candela","3/2/22"
"Čarodějnice navždy: 1. řada: Ukradený stín, zapomenutá čarodějnice","3/2/22"
"Čarodějnice navždy: 1. řada: Ouija","3/2/22"
"Čarodějnice navždy: 1. řada: Čarodějnice z univerzity","3/2/22"
"Vlčí mládě: Vlčí měsíc","3/2/22"
"Čarodějnice navždy: 1. řada: Skok v čase","3/1/22"
"Zabijáci Wu: Stezky: 2. část","2/25/22"
"Zabijáci Wu: Stezky: 1. část","2/25/22"
"Zabijáci Wu: Dámská jízda","2/25/22"
"Zabijáci Wu: Dědictví","2/25/22"
"Zabijáci Wu: Vrahové Gu","2/25/22"
"Zabijáci Wu: Codladh Sámh","2/25/22"
"Zabijáci Wu: Stočený had","2/24/22"
"Zabijáci Wu: Kuře na grilu","2/24/22"
"Zabijáci Wu: Ztracené mládí","2/24/22"
"Zabijáci Wu: Opilý meloun","2/24/22"
"Luna Nera: Znamení","2/24/22"
"Luna Nera: Světlo","2/24/22"
"Luna Nera: Zbraně","2/24/22"
"Luna Nera: Osud","2/24/22"
"Luna Nera: Hlasy","2/24/22"
"Luna Nera: Kniha","2/24/22"
"Prokletá: Oběť","2/23/22"
"Prokletá: Jedy","2/23/22"
"Prokletá: Královna víl","2/23/22"
"Prokletá: Přines nám dobré pivo","2/23/22"
"Prokletá: Festa a Moreii","2/23/22"
"Prokletá: Spojení","2/23/22"
"Prokletá: Rudé jezero","2/21/22"
"Prokletá: Sami","2/21/22"
"Prokletá: Prokletá","2/21/22"
"Prokletá: Nimue","2/21/22"
"Válečná jeptiška: 1. řada: Druhý list Korintským 10:4","2/21/22"
"Válečná jeptiška: 1. řada: Přísloví 14:1","2/21/22"
"Válečná jeptiška: 1. řada: List Efezským 4:22-24","2/21/22"
"Válečná jeptiška: 1. řada: Izajáš 30:20-21","2/18/22"
"Válečná jeptiška: 1. řada: Matouš 7:13","2/18/22"
"Válečná jeptiška: 1. řada: Kniha Sírachovcova 26:9-10","2/18/22"
"Válečná jeptiška: 1. řada: List Efezským 6:11","2/18/22"
"Válečná jeptiška: 1. řada: Přísloví 31:25","2/18/22"
"Lovci stínů: Nástroje smrti: 3B. řada: Samé dobré věci…","2/18/22"
"Lovci stínů: Nástroje smrti: 3B. řada: Propojení","2/18/22"
"Lovci stínů: Nástroje smrti: 3B. řada: Město skla","2/18/22"
"Lovci stínů: Nástroje smrti: 3B. řada: Aku Cinta Kamu","2/17/22"
"Lovci stínů: Nástroje smrti: 3B. řada: Vnitřní zvíře","2/17/22"
"Lovci stínů: Nástroje smrti: 3B. řada: Nebeský oheň","2/17/22"
"Lovci stínů: Nástroje smrti: 3B. řada: Neopouštěj mě","2/17/22"
"Lovci stínů: Nástroje smrti: 3B. řada: Na Děti noci","2/17/22"
"Lovci stínů: Nástroje smrti: 3B. řada: Polibek od růže","2/17/22"
"Lovci stínů: Nástroje smrti: 3B. řada: Beati Bellicosi","2/17/22"
"Lovci stínů: Nástroje smrti: 3B. řada: Prvotní hřích","2/17/22"
"Lovci stínů: Nástroje smrti: 3B. řada: Ztracené duše","2/16/22"
"Lovci stínů: Nástroje smrti: 3. řada: Erchomai","2/16/22"
"Lovci stínů: Nástroje smrti: 3. řada: Familia ante omnia","2/16/22"
"Lovci stínů: Nástroje smrti: 3. řada: Procházka v temnotě","2/16/22"
"Lovci stínů: Nástroje smrti: 3. řada: Sůl v ráně","2/16/22"
"Lovci stínů: Nástroje smrti: 3. řada: Okno do prázdného pokoje","2/16/22"
"Lovci stínů: Nástroje smrti: 3. řada: Silnější než nebe","2/16/22"
"Lovci stínů: Nástroje smrti: 3. řada: Pokyn tvé duši","2/16/22"
"Lovci stínů: Nástroje smrti: 3. řada: Co je dole","2/16/22"
"Lovci stínů: Nástroje smrti: 3. řada: Ti, kdož vládnou","2/16/22"
"Lovci stínů: Nástroje smrti: 3. řada: Na pekelných základech","2/16/22"
"Lovci stínů: Nástroje smrti: 2. řada: Tichá voda","2/16/22"
"Lovci stínů: Nástroje smrti: 2. řada: Vítej a sbohem","2/16/22"
"Lovci stínů: Nástroje smrti: 2. řada: Vstaň, nebo zůstaň navždy padlý","2/16/22"
"Lovci stínů: Nástroje smrti: 2. řada: Temný odraz","2/16/22"
"Lovci stínů: Nástroje smrti: 2. řada: Den smíření","2/16/22"
"Lovci stínů: Nástroje smrti: 2. řada: Problém s pamětí","2/14/22"
"Lovci stínů: Nástroje smrti: 2. řada: Férový lid","2/14/22"
"Lovci stínů: Nástroje smrti: 2. řada: Ti, v nichž proudí krev démona","2/14/22"
"Síla psa","2/14/22"
"Lovci stínů: Nástroje smrti: 2. řada: Nejsi sám sebou","2/14/22"
"Lovci stínů: Nástroje smrti: 2. řada: Mea maxima culpa","2/14/22"
"Lovci stínů: Nástroje smrti: 2. řada: Do světla úsvitu","2/14/22"
"Lovci stínů: Nástroje smrti: 2. řada: Pokrevní pouto","2/14/22"
"Lovci stínů: Nástroje smrti: 2. řada: Láska je ďábel","2/14/22"
"Lovci stínů: Nástroje smrti: 2. řada: Jak je těm padlým","2/14/22"
"Lovci stínů: Nástroje smrti: 2. řada: Železné sestry","2/14/22"
"Lovci stínů: Nástroje smrti: 2. řada: Prach a stíny","2/7/22"
"Lovci stínů: Nástroje smrti: 2. řada: Den hněvu","2/7/22"
"Lovci stínů: Nástroje smrti: 2. řada: Ztracení parabátaiové","2/7/22"
"Let číslo 93","2/6/22"
"Dálniční hlídka","2/6/22"
"Za každou cenu přežít","2/6/22"
"Let","2/6/22"
"Cizinec","2/6/22"
"Lovci stínů: Nástroje smrti: 2. řada: Dveře do temnoty","2/5/22"
"Lovci stínů: Nástroje smrti: 2. řada: Provinilá krev","2/5/22"
"Lovci stínů: Nástroje smrti: 1. řada: Jitřenka","2/5/22"
"Lovci stínů: Nástroje smrti: 1. řada: Malec","2/4/22"
"Talentovaný pan Ripley","2/4/22"
"Lovci stínů: Nástroje smrti: 1. řada: Krev volá po krvi","2/4/22"
"Lovci stínů: Nástroje smrti: 1. řada: Svět naruby","2/4/22"
"Lovci stínů: Nástroje smrti: 1. řada: Rozdělení","2/4/22"
"Lovci stínů: Nástroje smrti: 1. řada: Zlá krev","2/3/22"
"Lovci stínů: Nástroje smrti: 1. řada: Velká arkána","2/3/22"
"Lovci stínů: Nástroje smrti: 1. řada: O lidech a andělech","2/3/22"
"Lovci stínů: Nástroje smrti: 1. řada: Jedno Moo Shu sebou","2/3/22"
"Lovci stínů: Nástroje smrti: 1. řada: Jak rozpoutat peklo","2/3/22"
"Lovci stínů: Nástroje smrti: 1. řada: Večírek mrtvého muže","2/3/22"
"Lovci stínů: Nástroje smrti: 1. řada: Ani cesta do pekel není jednoduchá","2/3/22"
"Řád: 2. řada: Nový světový řád, část druhá","2/2/22"
"Řád: 2. řada: Nový světový řád, část první","1/31/22"
"Řád: 2. řada: Jarní nákaza, část druhá","1/31/22"
"Řád: 2. řada: Jarní nákaza, část první","1/31/22"
"Řád: 2. řada: Komunita, část druhá","1/31/22"
"Řád: 2. řada: Komunita, část první","1/31/22"
"Řád: 2. řada: Strach, část druhá","1/31/22"
"Řád: 2. řada: Strach, část první","1/31/22"
"Řád: 2. řada: Volní radikálové, část druhá","1/31/22"
"Řád: 1. řada: Pekelný týden: 1. část","1/31/22"
"Hra na oliheň: 1. řada: Peklo","9/25/21"
"Hra na oliheň: 1. řada: Červená, zelená","9/25/21"
